Time,Data1,Data2,Battery,Motor Rev A,Motor Rev B,Motor Rev C,ADC S1,ADC S2,ADC S3,ADC S4,I2C
0,0,0,8073,0,0,0,726,597,1023,1023,-1
0,0,0,8073,0,0,0,726,597,1023,1023,-1
1,0,0,8059,0,0,0,727,597,1023,1023,-1
2,0,0,8059,0,0,0,727,597,1023,1023,-1
2,0,0,8059,0,0,0,727,597,1023,1023,-1
3,0,0,8059,0,0,0,727,597,1023,1023,-1
4,0,0,8059,0,0,0,727,597,1023,1023,-1
5,0,0,8059,0,0,0,726,596,1023,1023,-1
5,0,0,8059,0,0,0,726,596,1023,1023,-1
6,0,0,8059,0,0,0,726,596,1023,1023,-1
7,0,0,8059,0,0,0,726,596,1023,1023,-1
8,0,0,8059,0,0,0,726,596,1023,1023,-1
8,0,0,8059,0,0,0,726,596,1023,1023,-1
9,0,0,8059,0,0,0,726,596,1023,1023,-1
10,0,0,8059,0,0,0,726,596,1023,1023,-1
11,0,0,7851,0,0,0,726,595,1023,1023,-1
12,0,0,7851,0,0,0,726,595,1023,1023,-1
13,0,0,7851,0,0,0,725,595,1023,1023,-1
14,0,0,7851,0,0,0,725,595,1023,1023,-1
15,0,0,7851,0,0,0,725,595,1023,1023,-1
15,0,0,7851,0,1,0,725,595,1023,1023,-1
16,0,0,7851,0,1,0,725,595,1023,1023,-1
17,0,0,7851,0,1,0,725,596,1023,1023,-1
18,0,0,7851,0,1,0,725,596,1023,1023,-1
18,0,0,7851,0,1,0,725,596,1023,1023,-1
19,0,0,7851,0,1,0,725,598,1023,1023,-1
20,0,0,7851,0,1,0,725,598,1023,1023,-1
20,0,0,7851,0,1,0,725,598,1023,1023,-1
21,0,0,7893,0,1,0,725,598,1023,1023,-1
22,0,0,7893,0,1,0,725,598,1023,1023,-1
23,0,0,7893,0,1,0,725,599,1023,1023,-1
25,0,0,7893,0,2,0,725,599,1023,1023,-1
26,0,0,7893,0,2,0,725,599,1023,1023,-1
26,0,0,7893,0,2,0,725,599,1023,1023,-1
27,0,0,7893,0,2,0,725,599,1023,1023,-1
28,0,0,7893,0,2,0,725,599,1023,1023,-1
29,0,0,7893,0,3,0,725,599,1023,1023,-1
29,0,0,7893,0,3,0,725,599,1023,1023,-1
30,0,0,7893,0,3,0,725,599,1023,1023,-1
31,0,0,7893,0,3,0,725,599,1023,1023,-1
32,0,0,7893,0,3,0,725,599,1023,1023,-1
32,0,0,7893,0,3,0,725,599,1023,1023,-1
33,0,0,7893,0,3,0,725,599,1023,1023,-1
34,0,0,7893,0,4,0,725,599,1023,1023,-1
35,0,0,7893,0,4,0,725,599,1023,1023,-1
35,0,0,7893,0,4,0,725,599,1023,1023,-1
39,0,0,7893,0,5,0,725,599,1023,1023,-1
40,0,0,7893,0,5,0,725,599,1023,1023,-1
41,0,0,7948,0,5,0,725,599,1023,1023,-1
41,0,0,7948,0,5,0,725,599,1023,1023,-1
42,0,0,7948,0,6,0,725,599,1023,1023,-1
43,0,0,7948,0,6,0,725,599,1023,1023,-1
44,0,0,7948,0,6,0,725,599,1023,1023,-1
44,0,0,7948,0,6,0,725,599,1023,1023,-1
45,0,0,7948,0,7,0,725,599,1023,1023,-1
46,0,0,7948,0,7,0,725,599,1023,1023,-1
46,0,0,7948,0,7,0,725,599,1023,1023,-1
47,0,0,7948,0,7,0,724,598,1023,1023,-1
48,0,0,7948,0,7,0,724,598,1023,1023,-1
49,0,0,7948,0,8,0,725,598,1023,1023,-1
49,0,0,7948,0,8,0,725,598,1023,1023,-1
54,0,0,7976,0,9,0,725,596,1023,1023,-1
54,0,0,7976,0,9,0,725,596,1023,1023,-1
55,0,0,7976,0,10,0,725,595,1023,1023,-1
56,0,0,7976,0,10,0,725,595,1023,1023,-1
57,0,0,7976,0,10,0,725,595,1023,1023,-1
57,0,0,7976,0,11,0,725,595,1023,1023,-1
58,0,0,7976,0,11,0,725,595,1023,1023,-1
59,0,0,7976,0,11,0,725,594,1023,1023,-1
60,0,0,7976,0,11,0,725,594,1023,1023,-1
60,0,0,7976,0,11,0,725,594,1023,1023,-1
61,0,0,7962,0,12,0,725,592,1023,1023,-1
62,0,0,7962,0,12,0,725,592,1023,1023,-1
63,0,0,7962,0,12,0,725,592,1023,1023,-1
63,0,0,7962,0,13,0,725,592,1023,1023,-1
64,0,0,7962,0,13,0,725,592,1023,1023,-1
65,0,0,7962,0,13,0,725,592,1023,1023,-1
76,0,0,7976,0,17,0,725,591,1023,1023,-1
77,0,0,7976,0,17,0,726,591,1023,1023,-1
77,0,0,7976,0,18,0,726,591,1023,1023,-1
78,0,0,7976,0,18,0,726,591,1023,1023,-1
79,0,0,7976,0,18,0,725,590,1023,1023,-1
79,0,0,7976,0,19,0,725,590,1023,1023,-1
80,0,0,7976,0,19,0,725,590,1023,1023,-1
81,0,0,7990,0,19,0,725,590,1023,1023,-1
82,0,0,7990,0,19,0,725,590,1023,1023,-1
82,0,0,7990,0,20,0,725,590,1023,1023,-1
83,0,0,7990,0,20,0,725,587,1023,1023,-1
84,0,0,7990,0,20,0,725,587,1023,1023,-1
85,0,0,7990,0,21,0,726,587,1023,1023,-1
85,0,0,7990,0,21,0,726,587,1023,1023,-1
86,0,0,7990,0,21,0,726,587,1023,1023,-1
131,0,0,8017,0,41,0,727,594,1023,1023,-1
131,0,0,8017,0,41,0,727,594,1023,1023,-1
132,0,0,8017,0,42,0,727,594,1023,1023,-1
133,0,0,8017,0,42,0,727,593,1023,1023,-1
134,0,0,8017,0,42,0,727,593,1023,1023,-1
134,0,0,8017,0,43,0,727,593,1023,1023,-1
135,0,0,8017,0,43,0,728,593,1023,1023,-1
136,0,0,8017,0,43,0,728,593,1023,1023,-1
136,0,0,8017,0,44,0,728,593,1023,1023,-1
137,0,0,8017,0,44,0,728,593,1023,1023,-1
138,0,0,8017,0,45,0,728,593,1023,1023,-1
139,0,0,8017,0,45,0,727,595,1023,1023,-1
139,0,0,8017,0,45,0,727,595,1023,1023,-1
140,0,0,8017,0,45,0,727,595,1023,1023,-1
141,0,0,8003,0,46,0,728,594,1023,1023,-1
153,0,0,8017,0,51,0,727,597,1023,1023,-1
154,0,0,8017,0,52,0,727,597,1023,1023,-1
155,0,0,8017,0,52,0,727,597,1023,1023,-1
155,0,0,8017,0,53,0,727,597,1023,1023,-1
156,0,0,8017,0,53,0,727,597,1023,1023,-1
157,0,0,8017,0,53,0,728,597,1023,1023,-1
157,0,0,8017,0,54,0,728,597,1023,1023,-1
158,0,0,8017,0,54,0,728,597,1023,1023,-1
159,0,0,8017,0,55,0,728,599,1023,1023,-1
160,0,0,8017,0,55,0,728,599,1023,1023,-1
160,0,0,8017,0,55,0,728,599,1023,1023,-1
161,0,0,8017,0,56,0,728,599,1023,1023,-1
188,0,0,8003,0,69,0,727,602,1023,1023,-1
189,0,0,8003,0,69,0,727,602,1023,1023,-1
190,0,0,8003,0,70,0,727,602,1023,1023,-1
190,0,0,8003,0,70,0,727,602,1023,1023,-1
191,0,0,8031,0,70,0,727,602,1023,1023,-1
192,0,0,8031,0,71,0,727,602,1023,1023,-1
192,0,0,8031,0,71,0,727,602,1023,1023,-1
193,0,0,8031,0,71,0,727,602,1023,1023,-1
194,0,0,8031,0,72,0,727,602,1023,1023,-1
195,0,0,8031,0,72,0,726,601,1023,1023,-1
195,0,0,8031,0,73,0,726,601,1023,1023,-1
196,0,0,8031,0,73,0,726,601,1023,1023,-1
197,0,0,8031,0,73,0,726,601,1023,1023,-1
198,0,0,8031,0,74,0,726,601,1023,1023,-1
198,0,0,8031,0,74,0,726,601,1023,1023,-1
223,0,0,8017,0,87,0,727,604,1023,1023,-1
224,0,0,8017,0,87,0,727,604,1023,1023,-1
225,0,0,8017,0,87,0,726,604,1023,1023,-1
225,0,0,8017,0,88,0,726,604,1023,1023,-1
226,0,0,8017,0,88,0,726,604,1023,1023,-1
227,0,0,8017,0,89,0,726,604,1023,1023,-1
228,0,0,8017,0,89,0,726,604,1023,1023,-1
228,0,0,8017,0,89,0,726,604,1023,1023,-1
229,0,0,8017,0,90,0,726,604,1023,1023,-1
230,0,0,8017,0,90,0,726,604,1023,1023,-1
231,0,0,8017,0,90,0,726,604,1023,1023,-1
231,0,0,8017,0,91,0,726,604,1023,1023,-1
232,0,0,8017,0,91,0,726,604,1023,1023,-1
233,0,0,8017,0,91,0,726,604,1023,1023,-1
234,0,0,8017,0,92,0,726,604,1023,1023,-1
263,0,0,8003,0,105,0,725,601,1023,1023,-1
264,0,0,8003,0,105,0,725,601,1023,1023,-1
264,0,0,8003,0,105,0,725,601,1023,1023,-1
265,0,0,8003,0,105,0,725,601,1023,1023,-1
266,0,0,8003,0,105,0,725,601,1023,1023,-1
267,0,0,8003,0,106,0,724,601,1023,1023,-1
267,0,0,8003,0,106,0,724,601,1023,1023,-1
268,0,0,8003,0,106,0,724,601,1023,1023,-1
269,0,0,8003,0,106,0,725,600,1023,1023,-1
270,0,0,8003,0,107,0,725,600,1023,1023,-1
270,0,0,8003,0,107,0,725,600,1023,1023,-1
271,0,0,7962,0,107,0,725,600,1023,1023,-1
272,0,0,7962,0,107,0,725,600,1023,1023,-1
272,0,0,7962,0,107,0,725,600,1023,1023,-1
273,0,0,7962,0,107,0,725,599,1023,1023,-1
292,0,0,7879,0,110,0,723,598,1023,1023,-1
293,0,0,7879,0,110,0,725,598,1023,1023,-1
293,0,0,7879,0,110,0,725,598,1023,1023,-1
294,0,0,7879,0,110,0,725,598,1023,1023,-1
295,0,0,7879,0,110,0,725,598,1023,1023,-1
296,0,0,7879,0,110,0,725,598,1023,1023,-1
296,0,0,7879,0,110,0,725,598,1023,1023,-1
297,0,0,7879,0,110,0,724,598,1023,1023,-1
298,0,0,7879,0,110,0,724,598,1023,1023,-1
298,0,0,7879,0,110,0,724,598,1023,1023,-1
299,0,0,7879,0,110,0,724,599,1023,1023,-1
300,0,0,7879,0,110,0,724,599,1023,1023,-1
301,0,0,7879,0,110,0,724,599,1023,1023,-1
301,0,0,7879,0,110,0,724,599,1023,1023,-1
302,0,0,7879,0,110,0,724,599,1023,1023,-1
303,0,0,7879,0,110,0,724,600,1023,1023,-1
304,0,0,7879,0,110,0,724,600,1023,1023,-1
322,0,0,7948,0,107,0,723,602,1023,1023,-1
323,0,0,7948,0,107,0,724,602,1023,1023,-1
323,0,0,7948,0,107,0,724,602,1023,1023,-1
324,0,0,7948,0,107,0,724,602,1023,1023,-1
325,0,0,7948,0,107,0,724,602,1023,1023,-1
325,0,0,7948,0,107,0,724,602,1023,1023,-1
326,0,0,7948,0,107,0,724,602,1023,1023,-1
327,0,0,7948,0,107,0,724,602,1023,1023,-1
328,0,0,7948,0,107,0,724,602,1023,1023,-1
328,0,0,7948,0,107,0,724,602,1023,1023,-1
329,0,0,7948,0,106,0,723,602,1023,1023,-1
330,0,0,7948,0,106,0,723,602,1023,1023,-1
331,0,0,8003,0,106,0,723,602,1023,1023,-1
355,0,0,8031,0,101,0,723,604,1023,1023,-1
356,0,0,8031,0,101,0,723,604,1023,1023,-1
357,0,0,8031,0,101,0,723,604,1023,1023,-1
357,0,0,8031,0,101,0,723,604,1023,1023,-1
358,0,0,8031,0,101,0,723,604,1023,1023,-1
359,0,0,8031,0,101,0,724,605,1023,1023,-1
360,0,0,8031,0,101,0,724,605,1023,1023,-1
360,0,0,8031,0,101,0,724,605,1023,1023,-1
361,0,0,8031,0,100,0,724,605,1023,1023,-1
362,0,0,8031,0,100,0,724,605,1023,1023,-1
363,0,0,8031,0,100,0,723,605,1023,1023,-1
363,0,0,8031,0,100,0,723,605,1023,1023,-1
364,0,0,8031,0,100,0,723,605,1023,1023,-1
365,0,0,8031,0,100,0,723,607,1023,1023,-1
366,0,0,8031,0,100,0,723,607,1023,1023,-1
366,0,0,8031,0,99,0,723,607,1023,1023,-1
397,0,0,8031,0,97,0,721,622,1023,1023,-1
398,0,0,8031,0,97,0,721,622,1023,1023,-1
399,0,0,8031,0,97,0,720,626,1023,1023,-1
400,0,0,8031,0,97,0,720,626,1023,1023,-1
400,0,0,8031,0,97,0,720,626,1023,1023,-1
401,0,0,8017,0,97,0,721,625,1023,1023,-1
402,0,0,8017,0,97,0,721,625,1023,1023,-1
402,0,0,8017,0,97,0,721,625,1023,1023,-1
403,0,0,8017,0,97,0,721,625,1023,1023,-1
404,0,0,8017,0,97,0,721,625,1023,1023,-1
405,0,0,8017,0,97,0,720,624,1023,1023,-1
405,0,0,8017,0,97,0,720,624,1023,1023,-1
406,0,0,8017,0,97,0,720,624,1023,1023,-1
407,0,0,8017,0,97,0,720,621,1023,1023,-1
426,0,0,8045,0,97,0,720,624,1023,1023,-1
426,0,0,8045,0,97,0,720,624,1023,1023,-1
427,0,0,8045,0,97,0,720,624,1023,1023,-1
428,0,0,8045,0,98,0,720,624,1023,1023,-1
429,0,0,8045,0,98,0,719,624,1023,1023,-1
429,0,0,8045,0,98,0,719,624,1023,1023,-1
430,0,0,8045,0,98,0,719,624,1023,1023,-1
431,0,0,8017,0,98,0,719,623,1023,1023,-1
431,0,0,8017,0,98,0,719,623,1023,1023,-1
432,0,0,8017,0,98,0,719,623,1023,1023,-1
433,0,0,8017,0,98,0,719,623,1023,1023,-1
434,0,0,8017,0,98,0,719,623,1023,1023,-1
434,0,0,8017,0,98,0,719,623,1023,1023,-1
435,0,0,8017,0,98,0,719,622,1023,1023,-1
436,0,0,8017,0,98,0,719,622,1023,1023,-1
457,0,0,8045,0,99,0,718,620,1023,1023,-1
457,0,0,8045,0,99,0,718,620,1023,1023,-1
458,0,0,8045,0,99,0,718,620,1023,1023,-1
459,0,0,8045,0,99,0,718,620,1023,1023,-1
459,0,0,8045,0,99,0,718,620,1023,1023,-1
460,0,0,8045,0,99,0,718,620,1023,1023,-1
461,0,0,8031,0,99,0,717,619,1023,1023,-1
462,0,0,8031,0,99,0,717,619,1023,1023,-1
462,0,0,8031,0,99,0,717,619,1023,1023,-1
463,0,0,8031,0,100,0,717,619,1023,1023,-1
464,0,0,8031,0,100,0,717,619,1023,1023,-1
465,0,0,8031,0,100,0,717,617,1023,1023,-1
465,0,0,8031,0,100,0,717,617,1023,1023,-1
466,0,0,8031,0,100,0,717,617,1023,1023,-1
501,0,0,8031,0,101,0,719,597,1023,1023,-1
502,0,0,8031,0,101,0,719,597,1023,1023,-1
503,0,0,8031,0,101,0,718,595,1023,1023,-1
504,0,0,8031,0,101,0,718,595,1023,1023,-1
504,0,0,8031,0,101,0,718,595,1023,1023,-1
505,0,0,8031,0,101,0,718,595,1023,1023,-1
506,0,0,8031,0,101,0,718,595,1023,1023,-1
506,0,0,8031,0,101,0,718,593,1023,1023,-1
507,0,0,8031,0,101,0,718,593,1023,1023,-1
508,0,0,8031,0,101,0,718,593,1023,1023,-1
509,0,0,8031,0,101,0,718,591,1023,1023,-1
510,0,0,8031,0,101,0,718,591,1023,1023,-1
510,0,0,8031,0,101,0,718,591,1023,1023,-1
511,0,0,8031,0,101,0,718,591,1023,1023,-1
512,0,0,8031,0,101,0,718,591,1023,1023,-1
512,0,0,8031,0,101,0,718,591,1023,1023,-1
543,0,0,8059,0,100,0,719,576,1023,1023,-1
544,0,0,8059,0,100,0,719,576,1023,1023,-1
545,0,0,8059,0,100,0,718,575,1023,1023,-1
546,0,0,8059,0,100,0,718,575,1023,1023,-1
546,0,0,8059,0,100,0,718,575,1023,1023,-1
547,0,0,8059,0,100,0,719,575,1023,1023,-1
548,0,0,8059,0,100,0,719,575,1023,1023,-1
548,0,0,8059,0,100,0,719,575,1023,1023,-1
549,0,0,8059,0,100,0,719,575,1023,1023,-1
550,0,0,8059,0,100,0,719,575,1023,1023,-1
551,0,0,8059,0,100,0,720,575,1023,1023,-1
551,0,0,8059,0,100,0,720,575,1023,1023,-1
552,0,0,8059,0,100,0,720,575,1023,1023,-1
553,0,0,8059,0,100,0,718,575,1023,1023,-1
554,0,0,8059,0,100,0,718,575,1023,1023,-1
585,0,0,8059,0,100,0,720,580,1023,1023,-1
585,0,0,8059,0,100,0,720,580,1023,1023,-1
586,0,0,8059,0,100,0,720,580,1023,1023,-1
587,0,0,8059,0,100,0,719,581,1023,1023,-1
588,0,0,8059,0,100,0,719,581,1023,1023,-1
588,0,0,8059,0,100,0,719,581,1023,1023,-1
589,0,0,8059,0,100,0,719,583,1023,1023,-1
590,0,0,8059,0,100,0,719,583,1023,1023,-1
591,0,0,8059,0,100,0,719,583,1023,1023,-1
591,0,0,8059,0,100,0,719,583,1023,1023,-1
592,0,0,8059,0,100,0,719,583,1023,1023,-1
593,0,0,8059,0,100,0,720,584,1023,1023,-1
594,0,0,8059,0,100,0,720,584,1023,1023,-1
594,0,0,8059,0,100,0,720,584,1023,1023,-1
595,0,0,8059,0,100,0,719,586,1023,1023,-1
620,0,0,8059,0,101,0,720,599,1023,1023,-1
621,0,0,8045,0,101,0,720,599,1023,1023,-1
622,0,0,8045,0,101,0,720,599,1023,1023,-1
623,0,0,8045,0,101,0,720,600,1023,1023,-1
623,0,0,8045,0,101,0,720,600,1023,1023,-1
624,0,0,8045,0,101,0,720,600,1023,1023,-1
625,0,0,8045,0,101,0,720,601,1023,1023,-1
626,0,0,8045,0,101,0,720,601,1023,1023,-1
626,0,0,8045,0,100,0,720,601,1023,1023,-1
627,0,0,8045,0,100,0,720,601,1023,1023,-1
628,0,0,8045,0,100,0,720,601,1023,1023,-1
628,0,0,8045,0,100,0,720,601,1023,1023,-1
629,0,0,8045,0,100,0,720,603,1023,1023,-1
630,0,0,8045,0,100,0,720,603,1023,1023,-1
631,0,0,8031,0,100,0,720,603,1023,1023,-1
662,0,0,8073,0,100,0,719,607,1023,1023,-1
662,0,0,8073,0,100,0,719,607,1023,1023,-1
663,0,0,8073,0,100,0,719,607,1023,1023,-1
664,0,0,8073,0,100,0,719,607,1023,1023,-1
665,0,0,8073,0,100,0,719,607,1023,1023,-1
665,0,0,8073,0,100,0,719,607,1023,1023,-1
666,0,0,8073,0,100,0,719,607,1023,1023,-1
667,0,0,8073,0,100,0,719,607,1023,1023,-1
668,0,0,8073,0,100,0,719,607,1023,1023,-1
668,0,0,8073,0,100,0,719,607,1023,1023,-1
669,0,0,8073,0,100,0,719,607,1023,1023,-1
670,0,0,8073,0,100,0,719,607,1023,1023,-1
670,0,0,8073,0,100,0,719,607,1023,1023,-1
671,0,0,8059,0,100,0,719,606,1023,1023,-1
672,0,0,8059,0,100,0,719,606,1023,1023,-1
695,0,0,8059,0,100,0,718,603,1023,1023,-1
696,0,0,8059,0,100,0,718,603,1023,1023,-1
697,0,0,8059,0,100,0,719,603,1023,1023,-1
698,0,0,8059,0,100,0,719,603,1023,1023,-1
698,0,0,8059,0,100,0,719,603,1023,1023,-1
699,0,0,8059,0,100,0,719,603,1023,1023,-1
700,0,0,8059,0,100,0,719,603,1023,1023,-1
700,0,0,8059,0,100,0,719,603,1023,1023,-1
701,0,0,8059,0,100,0,719,603,1023,1023,-1
702,0,0,8059,0,100,0,719,603,1023,1023,-1
703,0,0,8059,0,100,0,718,603,1023,1023,-1
703,0,0,8059,0,100,0,718,603,1023,1023,-1
704,0,0,8059,0,100,0,718,603,1023,1023,-1
705,0,0,8059,0,100,0,718,603,1023,1023,-1
734,0,0,8059,0,100,0,718,601,1023,1023,-1
735,0,0,8059,0,100,0,718,601,1023,1023,-1
736,0,0,8059,0,100,0,718,601,1023,1023,-1
736,0,0,8059,0,100,0,718,601,1023,1023,-1
737,0,0,8059,0,100,0,717,599,1023,1023,-1
738,0,0,8059,0,100,0,717,599,1023,1023,-1
739,0,0,8059,0,100,0,718,599,1023,1023,-1
739,0,0,8059,0,100,0,718,599,1023,1023,-1
740,0,0,8059,0,100,0,718,599,1023,1023,-1
741,0,0,8059,0,100,0,718,599,1023,1023,-1
741,0,0,8059,0,100,0,718,599,1023,1023,-1
742,0,0,8059,0,100,0,718,599,1023,1023,-1
743,0,0,8059,0,100,0,718,598,1023,1023,-1
744,0,0,8059,0,100,0,718,598,1023,1023,-1
744,0,0,8059,0,100,0,718,598,1023,1023,-1
773,0,0,8059,0,100,0,718,593,1023,1023,-1
774,0,0,8059,0,100,0,718,593,1023,1023,-1
774,0,0,8059,0,100,0,718,593,1023,1023,-1
775,0,0,8059,0,100,0,717,594,1023,1023,-1
776,0,0,8059,0,100,0,717,594,1023,1023,-1
777,0,0,8059,0,100,0,718,594,1023,1023,-1
777,0,0,8059,0,100,0,718,594,1023,1023,-1
778,0,0,8059,0,100,0,718,594,1023,1023,-1
779,0,0,8059,0,100,0,718,594,1023,1023,-1
780,0,0,8059,0,100,0,718,594,1023,1023,-1
780,0,0,8059,0,100,0,718,594,1023,1023,-1
781,0,0,8059,0,100,0,718,594,1023,1023,-1
782,0,0,8059,0,100,0,718,594,1023,1023,-1
782,0,0,8059,0,100,0,718,594,1023,1023,-1
783,0,0,8059,0,100,0,718,594,1023,1023,-1
802,0,0,8073,0,100,0,719,594,1023,1023,-1
802,0,0,8073,0,100,0,719,594,1023,1023,-1
803,0,0,8073,0,100,0,719,594,1023,1023,-1
804,0,0,8073,0,100,0,719,594,1023,1023,-1
805,0,0,8073,0,100,0,718,594,1023,1023,-1
805,0,0,8073,0,100,0,718,594,1023,1023,-1
806,0,0,8073,0,100,0,718,594,1023,1023,-1
807,0,0,8073,0,100,0,718,595,1023,1023,-1
808,0,0,8073,0,100,0,718,595,1023,1023,-1
808,0,0,8073,0,100,0,718,595,1023,1023,-1
809,0,0,8073,0,100,0,718,595,1023,1023,-1
810,0,0,8073,0,100,0,718,595,1023,1023,-1
811,0,0,8045,0,100,0,718,595,1023,1023,-1
811,0,0,8045,0,100,0,718,595,1023,1023,-1
812,0,0,8045,0,100,0,718,595,1023,1023,-1
813,0,0,8045,0,100,0,719,595,1023,1023,-1
814,0,0,8045,0,100,0,719,595,1023,1023,-1
830,0,0,8073,0,100,0,718,595,1023,1023,-1
831,0,0,8059,0,100,0,718,596,1023,1023,-1
832,0,0,8059,0,100,0,718,596,1023,1023,-1
833,0,0,8059,0,100,0,718,596,1023,1023,-1
833,0,0,8059,0,100,0,718,596,1023,1023,-1
834,0,0,8059,0,100,0,718,596,1023,1023,-1
835,0,0,8059,0,100,0,718,596,1023,1023,-1
836,0,0,8059,0,100,0,718,596,1023,1023,-1
836,0,0,8059,0,100,0,718,596,1023,1023,-1
837,0,0,8059,0,100,0,718,597,1023,1023,-1
838,0,0,8059,0,100,0,718,597,1023,1023,-1
839,0,0,8059,0,100,0,718,597,1023,1023,-1
839,0,0,8059,0,100,0,718,597,1023,1023,-1
872,0,0,8059,0,100,0,718,599,1023,1023,-1
873,0,0,8059,0,100,0,718,599,1023,1023,-1
873,0,0,8059,0,100,0,718,599,1023,1023,-1
874,0,0,8059,0,100,0,718,599,1023,1023,-1
875,0,0,8059,0,100,0,718,599,1023,1023,-1
875,0,0,8059,0,100,0,718,599,1023,1023,-1
876,0,0,8059,0,100,0,718,599,1023,1023,-1
877,0,0,8059,0,100,0,719,599,1023,1023,-1
878,0,0,8059,0,100,0,719,599,1023,1023,-1
878,0,0,8059,0,100,0,719,599,1023,1023,-1
879,0,0,8059,0,100,0,718,598,1023,1023,-1
880,0,0,8059,0,100,0,718,598,1023,1023,-1
881,0,0,8059,0,100,0,718,598,1023,1023,-1
881,0,0,8059,0,100,0,718,598,1023,1023,-1
882,0,0,8059,0,100,0,718,598,1023,1023,-1
901,0,0,8045,0,100,0,718,600,1023,1023,-1
902,0,0,8045,0,100,0,718,600,1023,1023,-1
903,0,0,8045,0,100,0,718,600,1023,1023,-1
903,0,0,8045,0,100,0,718,600,1023,1023,-1
904,0,0,8045,0,100,0,718,600,1023,1023,-1
905,0,0,8045,0,100,0,718,600,1023,1023,-1
906,0,0,8045,0,100,0,718,600,1023,1023,-1
906,0,0,8045,0,100,0,718,600,1023,1023,-1
907,0,0,8045,0,100,0,718,600,1023,1023,-1
908,0,0,8045,0,100,0,718,600,1023,1023,-1
908,0,0,8045,0,100,0,718,600,1023,1023,-1
909,0,0,8045,0,100,0,718,601,1023,1023,-1
910,0,0,8045,0,100,0,718,601,1023,1023,-1
911,0,0,8059,0,100,0,717,601,1023,1023,-1
911,0,0,8059,0,100,0,717,601,1023,1023,-1
912,0,0,8059,0,100,0,717,601,1023,1023,-1
931,0,0,8059,0,100,0,717,601,1023,1023,-1
931,0,0,8059,0,100,0,717,601,1023,1023,-1
932,0,0,8059,0,100,0,717,601,1023,1023,-1
933,0,0,8059,0,100,0,717,601,1023,1023,-1
934,0,0,8059,0,100,0,717,601,1023,1023,-1
934,0,0,8059,0,100,0,717,601,1023,1023,-1
935,0,0,8059,0,100,0,718,600,1023,1023,-1
936,0,0,8059,0,100,0,718,600,1023,1023,-1
936,0,0,8059,0,100,0,718,600,1023,1023,-1
937,0,0,8059,0,100,0,718,600,1023,1023,-1
938,0,0,8059,0,100,0,718,600,1023,1023,-1
939,0,0,8059,0,100,0,718,600,1023,1023,-1
939,0,0,8059,0,100,0,718,600,1023,1023,-1
940,0,0,8059,0,100,0,718,600,1023,1023,-1
964,0,0,8059,0,100,0,717,597,1023,1023,-1
964,0,0,8059,0,100,0,717,597,1023,1023,-1
965,0,0,8059,0,100,0,717,597,1023,1023,-1
966,0,0,8059,0,100,0,717,597,1023,1023,-1
967,0,0,8059,0,100,0,717,597,1023,1023,-1
967,0,0,8059,0,100,0,717,597,1023,1023,-1
968,0,0,8059,0,100,0,717,597,1023,1023,-1
969,0,0,8059,0,100,0,718,596,1023,1023,-1
970,0,0,8059,0,100,0,718,596,1023,1023,-1
970,0,0,8059,0,100,0,718,596,1023,1023,-1
971,0,0,8045,0,100,0,717,596,1023,1023,-1
972,0,0,8045,0,100,0,717,596,1023,1023,-1
972,0,0,8045,0,100,0,717,596,1023,1023,-1
973,0,0,8045,0,100,0,717,596,1023,1023,-1
974,0,0,8045,0,100,0,717,596,1023,1023,-1
1007,0,0,8073,0,100,0,717,593,1023,1023,-1
1008,0,0,8073,0,100,0,717,593,1023,1023,-1
1009,0,0,8073,0,100,0,717,593,1023,1023,-1
1010,0,0,8073,0,100,0,717,593,1023,1023,-1
1010,0,0,8073,0,100,0,717,593,1023,1023,-1
1011,0,0,8059,0,100,0,718,593,1023,1023,-1
1012,0,0,8059,0,100,0,718,593,1023,1023,-1
1013,0,0,8059,0,100,0,718,593,1023,1023,-1
1013,0,0,8059,0,100,0,718,593,1023,1023,-1
1014,0,0,8059,0,100,0,718,593,1023,1023,-1
1015,0,0,8059,0,100,0,718,593,1023,1023,-1
1016,0,0,8059,0,100,0,718,593,1023,1023,-1
1016,0,0,8059,0,100,0,718,593,1023,1023,-1
1017,0,0,8059,0,100,0,717,593,1023,1023,-1
1036,0,0,8045,0,100,0,719,595,1023,1023,-1
1036,0,0,8045,0,100,0,719,595,1023,1023,-1
1037,0,0,8045,0,100,0,718,595,1023,1023,-1
1038,0,0,8045,0,100,0,718,595,1023,1023,-1
1038,0,0,8045,0,100,0,718,595,1023,1023,-1
1039,0,0,8045,0,100,0,718,596,1023,1023,-1
1040,0,0,8045,0,100,0,718,596,1023,1023,-1
1041,0,0,8045,0,100,0,718,596,1023,1023,-1
1041,0,0,8045,0,100,0,718,596,1023,1023,-1
1042,0,0,8045,0,100,0,718,596,1023,1023,-1
1043,0,0,8045,0,100,0,719,596,1023,1023,-1
1044,0,0,8045,0,100,0,719,596,1023,1023,-1
1044,0,0,8045,0,100,0,719,596,1023,1023,-1
1045,0,0,8045,0,100,0,718,596,1023,1023,-1
1046,0,0,8045,0,100,0,718,596,1023,1023,-1
1047,0,0,8045,0,100,0,718,596,1023,1023,-1
1047,0,0,8045,0,100,0,718,596,1023,1023,-1
1064,0,0,8059,0,100,0,718,598,1023,1023,-1
1064,0,0,8059,0,100,0,718,598,1023,1023,-1
1065,0,0,8059,0,100,0,718,598,1023,1023,-1
1066,0,0,8059,0,100,0,718,598,1023,1023,-1
1067,0,0,8059,0,100,0,718,599,1023,1023,-1
1067,0,0,8059,0,100,0,718,599,1023,1023,-1
1068,0,0,8059,0,100,0,718,599,1023,1023,-1
1069,0,0,8059,0,100,0,717,600,1023,1023,-1
1070,0,0,8059,0,100,0,717,600,1023,1023,-1
1070,0,0,8059,0,100,0,717,600,1023,1023,-1
1071,0,0,8073,0,100,0,717,600,1023,1023,-1
1072,0,0,8073,0,100,0,717,600,1023,1023,-1
1072,0,0,8073,0,100,0,717,600,1023,1023,-1
1073,0,0,8073,0,100,0,718,600,1023,1023,-1
1074,0,0,8073,0,100,0,718,600,1023,1023,-1
1111,0,0,8059,0,100,0,717,603,1023,1023,-1
1112,0,0,8059,0,100,0,717,603,1023,1023,-1
1112,0,0,8059,0,100,0,717,603,1023,1023,-1
1113,0,0,8059,0,100,0,717,603,1023,1023,-1
1114,0,0,8059,0,100,0,717,603,1023,1023,-1
1115,0,0,8059,0,100,0,717,603,1023,1023,-1
1115,0,0,8059,0,100,0,717,603,1023,1023,-1
1116,0,0,8059,0,100,0,717,603,1023,1023,-1
1117,0,0,8059,0,100,0,718,603,1023,1023,-1
1118,0,0,8059,0,100,0,718,603,1023,1023,-1
1118,0,0,8059,0,100,0,718,603,1023,1023,-1
1119,0,0,8059,0,100,0,718,603,1023,1023,-1
1120,0,0,8059,0,100,0,718,603,1023,1023,-1
1148,0,0,8059,0,100,0,717,601,1023,1023,-1
1149,0,0,8059,0,100,0,717,601,1023,1023,-1
1149,0,0,8059,0,100,0,717,601,1023,1023,-1
1150,0,0,8059,0,100,0,717,601,1023,1023,-1
1151,0,0,8059,0,100,0,717,600,1023,1023,-1
1152,0,0,8059,0,100,0,717,600,1023,1023,-1
1152,0,0,8059,0,100,0,717,600,1023,1023,-1
1153,0,0,8059,0,100,0,716,599,1023,1023,-1
1154,0,0,8059,0,100,0,716,599,1023,1023,-1
1155,0,0,8059,0,100,0,716,599,1023,1023,-1
1155,0,0,8059,0,100,0,716,599,1023,1023,-1
1156,0,0,8059,0,100,0,716,599,1023,1023,-1
1157,0,0,8059,0,100,0,717,598,1023,1023,-1
1158,0,0,8059,0,100,0,717,598,1023,1023,-1
1158,0,0,8059,0,100,0,717,598,1023,1023,-1
1189,0,0,8059,0,100,0,717,591,1023,1023,-1
1190,0,0,8059,0,100,0,717,591,1023,1023,-1
1191,0,0,8045,0,100,0,717,591,1023,1023,-1
1192,0,0,8045,0,100,0,717,591,1023,1023,-1
1192,0,0,8045,0,100,0,717,591,1023,1023,-1
1193,0,0,8045,0,100,0,717,591,1023,1023,-1
1194,0,0,8045,0,100,0,717,591,1023,1023,-1
1194,0,0,8045,0,100,0,717,591,1023,1023,-1
1195,0,0,8045,0,100,0,717,591,1023,1023,-1
1196,0,0,8045,0,100,0,717,591,1023,1023,-1
1197,0,0,8045,0,100,0,717,591,1023,1023,-1
1197,0,0,8045,0,100,0,717,591,1023,1023,-1
1198,0,0,8045,0,100,0,717,591,1023,1023,-1
1199,0,0,8045,0,100,0,717,591,1023,1023,-1
1200,0,0,8045,0,100,0,717,591,1023,1023,-1
1224,0,0,8059,0,100,0,717,592,1023,1023,-1
1225,0,0,8059,0,100,0,717,592,1023,1023,-1
1225,0,0,8059,0,100,0,717,592,1023,1023,-1
1226,0,0,8059,0,100,0,717,592,1023,1023,-1
1227,0,0,8059,0,100,0,718,592,1023,1023,-1
1227,0,0,8059,0,100,0,718,592,1023,1023,-1
1228,0,0,8059,0,100,0,718,592,1023,1023,-1
1229,0,0,8059,0,100,0,718,592,1023,1023,-1
1230,0,0,8059,0,100,0,718,592,1023,1023,-1
1230,0,0,8059,0,100,0,718,592,1023,1023,-1
1231,0,0,8045,0,100,0,717,592,1023,1023,-1
1232,0,0,8045,0,100,0,717,592,1023,1023,-1
1233,0,0,8045,0,100,0,718,593,1023,1023,-1
1233,0,0,8045,0,100,0,718,593,1023,1023,-1
1234,0,0,8045,0,100,0,718,593,1023,1023,-1
1235,0,0,8045,0,100,0,718,593,1023,1023,-1
1266,0,0,8059,0,100,0,717,596,1023,1023,-1
1267,0,0,8059,0,100,0,718,596,1023,1023,-1
1267,0,0,8059,0,100,0,718,596,1023,1023,-1
1268,0,0,8059,0,100,0,718,596,1023,1023,-1
1269,0,0,8059,0,100,0,717,597,1023,1023,-1
1269,0,0,8059,0,100,0,717,597,1023,1023,-1
1270,0,0,8059,0,100,0,717,597,1023,1023,-1
1271,0,0,8059,0,100,0,717,597,1023,1023,-1
1272,0,0,8059,0,100,0,717,597,1023,1023,-1
1272,0,0,8059,0,100,0,717,597,1023,1023,-1
1273,0,0,8059,0,100,0,718,597,1023,1023,-1
1274,0,0,8059,0,100,0,718,597,1023,1023,-1
1275,0,0,8059,0,100,0,717,597,1023,1023,-1
1275,0,0,8059,0,100,0,717,597,1023,1023,-1
1276,0,0,8059,0,100,0,717,597,1023,1023,-1
1301,0,0,8059,0,100,0,717,601,1023,1023,-1
1302,0,0,8059,0,100,0,717,601,1023,1023,-1
1302,0,0,8059,0,100,0,717,601,1023,1023,-1
1303,0,0,8059,0,100,0,717,601,1023,1023,-1
1304,0,0,8059,0,100,0,717,601,1023,1023,-1
1304,0,0,8059,0,100,0,717,601,1023,1023,-1
1305,0,0,8059,0,100,0,717,601,1023,1023,-1
1306,0,0,8059,0,100,0,717,601,1023,1023,-1
1307,0,0,8059,0,100,0,717,601,1023,1023,-1
1307,0,0,8059,0,100,0,717,601,1023,1023,-1
1308,0,0,8059,0,100,0,717,601,1023,1023,-1
1309,0,0,8059,0,100,0,717,601,1023,1023,-1
1310,0,0,8059,0,100,0,717,601,1023,1023,-1
1310,0,0,8059,0,100,0,717,601,1023,1023,-1
1311,0,0,8059,0,100,0,717,600,1023,1023,-1
1341,0,0,8045,0,100,0,717,599,1023,1023,-1
1342,0,0,8045,0,100,0,717,599,1023,1023,-1
1342,0,0,8045,0,100,0,717,599,1023,1023,-1
1343,0,0,8045,0,100,0,718,599,1023,1023,-1
1344,0,0,8045,0,100,0,718,599,1023,1023,-1
1345,0,0,8045,0,100,0,718,599,1023,1023,-1
1345,0,0,8045,0,100,0,718,599,1023,1023,-1
1346,0,0,8045,0,100,0,718,599,1023,1023,-1
1347,0,0,8045,0,100,0,717,599,1023,1023,-1
1348,0,0,8045,0,100,0,717,599,1023,1023,-1
1348,0,0,8045,0,100,0,717,599,1023,1023,-1
1349,0,0,8045,0,100,0,717,599,1023,1023,-1
1350,0,0,8045,0,100,0,717,599,1023,1023,-1
1351,0,0,8059,0,100,0,717,599,1023,1023,-1
1351,0,0,8059,0,100,0,717,599,1023,1023,-1
1376,0,0,8059,0,100,0,717,596,1023,1023,-1
1376,0,0,8059,0,100,0,717,596,1023,1023,-1
1377,0,0,8059,0,100,0,717,596,1023,1023,-1
1378,0,0,8059,0,100,0,717,596,1023,1023,-1
1379,0,0,8059,0,100,0,717,596,1023,1023,-1
1379,0,0,8059,0,100,0,717,596,1023,1023,-1
1380,0,0,8059,0,100,0,717,596,1023,1023,-1
1381,0,0,8059,0,100,0,717,596,1023,1023,-1
1381,0,0,8059,0,100,0,717,596,1023,1023,-1
1382,0,0,8059,0,100,0,717,596,1023,1023,-1
1383,0,0,8059,0,100,0,716,596,1023,1023,-1
1384,0,0,8059,0,100,0,716,596,1023,1023,-1
1384,0,0,8059,0,100,0,716,596,1023,1023,-1
1385,0,0,8059,0,100,0,717,595,1023,1023,-1
1386,0,0,8059,0,100,0,717,595,1023,1023,-1
1407,0,0,8045,0,100,0,717,595,1023,1023,-1
1407,0,0,8045,0,100,0,717,595,1023,1023,-1
1408,0,0,8045,0,100,0,717,595,1023,1023,-1
1409,0,0,8045,0,100,0,718,595,1023,1023,-1
1410,0,0,8045,0,100,0,718,595,1023,1023,-1
1410,0,0,8045,0,100,0,718,595,1023,1023,-1
1411,0,0,8045,0,100,0,718,595,1023,1023,-1
1412,0,0,8045,0,100,0,718,595,1023,1023,-1
1413,0,0,8045,0,100,0,716,595,1023,1023,-1
1413,0,0,8045,0,100,0,716,595,1023,1023,-1
1414,0,0,8045,0,100,0,716,595,1023,1023,-1
1415,0,0,8045,0,100,0,717,595,1023,1023,-1
1416,0,0,8045,0,100,0,717,595,1023,1023,-1
1416,0,0,8045,0,100,0,717,595,1023,1023,-1
1417,0,0,8045,0,100,0,717,595,1023,1023,-1
1443,0,0,8059,0,100,0,717,596,1023,1023,-1
1443,0,0,8059,0,100,0,717,596,1023,1023,-1
1444,0,0,8059,0,100,0,717,596,1023,1023,-1
1445,0,0,8059,0,100,0,717,596,1023,1023,-1
1446,0,0,8059,0,100,0,717,596,1023,1023,-1
1446,0,0,8059,0,100,0,717,596,1023,1023,-1
1447,0,0,8059,0,100,0,717,596,1023,1023,-1
1448,0,0,8059,0,100,0,717,596,1023,1023,-1
1449,0,0,8059,0,100,0,717,596,1023,1023,-1
1449,0,0,8059,0,100,0,717,596,1023,1023,-1
1450,0,0,8059,0,100,0,717,596,1023,1023,-1
1451,0,0,8045,0,100,0,718,596,1023,1023,-1
1452,0,0,8045,0,100,0,718,596,1023,1023,-1
1452,0,0,8045,0,100,0,718,596,1023,1023,-1
1473,0,0,8059,0,100,0,717,594,1023,1023,-1
1474,0,0,8059,0,100,0,717,594,1023,1023,-1
1475,0,0,8059,0,100,0,718,594,1023,1023,-1
1475,0,0,8059,0,100,0,718,594,1023,1023,-1
1476,0,0,8059,0,100,0,718,594,1023,1023,-1
1477,0,0,8059,0,100,0,718,594,1023,1023,-1
1478,0,0,8059,0,100,0,718,594,1023,1023,-1
1478,0,0,8059,0,100,0,718,594,1023,1023,-1
1479,0,0,8059,0,100,0,717,594,1023,1023,-1
1480,0,0,8059,0,100,0,717,594,1023,1023,-1
1481,0,0,8059,0,100,0,717,594,1023,1023,-1
1481,0,0,8059,0,100,0,717,594,1023,1023,-1
1482,0,0,8059,0,100,0,717,594,1023,1023,-1
1483,0,0,8059,0,100,0,717,594,1023,1023,-1
1484,0,0,8059,0,100,0,717,594,1023,1023,-1
1510,0,0,8059,0,100,0,718,594,1023,1023,-1
1510,0,0,8059,0,100,0,718,594,1023,1023,-1
1511,0,0,8073,0,100,0,717,594,1023,1023,-1
1512,0,0,8073,0,100,0,717,594,1023,1023,-1
1513,0,0,8073,0,100,0,717,594,1023,1023,-1
1513,0,0,8073,0,100,0,717,594,1023,1023,-1
1514,0,0,8073,0,100,0,717,594,1023,1023,-1
1515,0,0,8073,0,100,0,718,594,1023,1023,-1
1516,0,0,8073,0,100,0,718,594,1023,1023,-1
1516,0,0,8073,0,100,0,718,594,1023,1023,-1
1517,0,0,8073,0,100,0,718,594,1023,1023,-1
1518,0,0,8073,0,100,0,718,594,1023,1023,-1
1519,0,0,8073,0,100,0,718,594,1023,1023,-1
1519,0,0,8073,0,100,0,718,594,1023,1023,-1
1520,0,0,8073,0,100,0,718,594,1023,1023,-1
1542,0,0,8059,0,100,0,718,597,1023,1023,-1
1543,0,0,8059,0,100,0,718,597,1023,1023,-1
1543,0,0,8059,0,100,0,718,597,1023,1023,-1
1544,0,0,8059,0,100,0,718,597,1023,1023,-1
1545,0,0,8059,0,100,0,718,597,1023,1023,-1
1545,0,0,8059,0,100,0,718,597,1023,1023,-1
1546,0,0,8059,0,100,0,718,597,1023,1023,-1
1547,0,0,8059,0,100,0,718,597,1023,1023,-1
1548,0,0,8059,0,100,0,718,597,1023,1023,-1
1548,0,0,8059,0,100,0,718,597,1023,1023,-1
1549,0,0,8059,0,100,0,718,598,1023,1023,-1
1550,0,0,8059,0,100,0,718,598,1023,1023,-1
1551,0,0,8059,0,100,0,718,598,1023,1023,-1
1551,0,0,8059,0,100,0,718,598,1023,1023,-1
1552,0,0,8059,0,100,0,718,598,1023,1023,-1
1569,0,0,8059,0,100,0,719,598,1023,1023,-1
1570,0,0,8059,0,100,0,719,598,1023,1023,-1
1571,0,0,8045,0,100,0,717,599,1023,1023,-1
1571,0,0,8045,0,100,0,717,599,1023,1023,-1
1572,0,0,8045,0,100,0,717,599,1023,1023,-1
1573,0,0,8045,0,100,0,718,599,1023,1023,-1
1574,0,0,8045,0,100,0,718,599,1023,1023,-1
1574,0,0,8045,0,100,0,718,599,1023,1023,-1
1575,0,0,8045,0,100,0,718,599,1023,1023,-1
1576,0,0,8045,0,100,0,718,599,1023,1023,-1
1577,0,0,8045,0,100,0,718,598,1023,1023,-1
1577,0,0,8045,0,100,0,718,598,1023,1023,-1
1578,0,0,8045,0,100,0,718,598,1023,1023,-1
1579,0,0,8045,0,100,0,718,599,1023,1023,-1
1580,0,0,8045,0,100,0,718,599,1023,1023,-1
1608,0,0,8059,0,100,0,718,598,1023,1023,-1
1609,0,0,8059,0,100,0,719,598,1023,1023,-1
1610,0,0,8059,0,100,0,719,598,1023,1023,-1
1611,0,0,8045,0,100,0,719,598,1023,1023,-1
1611,0,0,8045,0,100,0,719,598,1023,1023,-1
1612,0,0,8045,0,100,0,719,598,1023,1023,-1
1613,0,0,8045,0,100,0,717,598,1023,1023,-1
1614,0,0,8045,0,100,0,717,598,1023,1023,-1
1614,0,0,8045,0,100,0,717,598,1023,1023,-1
1615,0,0,8045,0,100,0,718,598,1023,1023,-1
1616,0,0,8045,0,100,0,718,598,1023,1023,-1
1617,0,0,8045,0,100,0,718,598,1023,1023,-1
1617,0,0,8045,0,100,0,718,598,1023,1023,-1
1618,0,0,8045,0,100,0,718,598,1023,1023,-1
1619,0,0,8045,0,100,0,718,599,1023,1023,-1
1639,0,0,8045,0,100,0,718,597,1023,1023,-1
1639,0,0,8045,0,100,0,718,597,1023,1023,-1
1640,0,0,8045,0,100,0,718,597,1023,1023,-1
1641,0,0,8045,0,100,0,718,597,1023,1023,-1
1642,0,0,8045,0,100,0,718,597,1023,1023,-1
1642,0,0,8045,0,100,0,718,597,1023,1023,-1
1643,0,0,8045,0,100,0,719,597,1023,1023,-1
1644,0,0,8045,0,100,0,719,597,1023,1023,-1
1645,0,0,8045,0,100,0,718,597,1023,1023,-1
1645,0,0,8045,0,100,0,718,597,1023,1023,-1
1646,0,0,8045,0,100,0,718,597,1023,1023,-1
1647,0,0,8045,0,100,0,718,597,1023,1023,-1
1647,0,0,8045,0,100,0,718,597,1023,1023,-1
1648,0,0,8045,0,100,0,718,597,1023,1023,-1
1649,0,0,8045,0,100,0,717,596,1023,1023,-1
1668,0,0,8045,0,100,0,718,595,1023,1023,-1
1669,0,0,8045,0,100,0,718,596,1023,1023,-1
1670,0,0,8045,0,100,0,718,596,1023,1023,-1
1671,0,0,8059,0,100,0,718,596,1023,1023,-1
1671,0,0,8059,0,100,0,718,596,1023,1023,-1
1672,0,0,8059,0,100,0,718,596,1023,1023,-1
1673,0,0,8059,0,100,0,718,595,1023,1023,-1
1674,0,0,8059,0,100,0,718,595,1023,1023,-1
1674,0,0,8059,0,100,0,718,595,1023,1023,-1
1675,0,0,8059,0,100,0,719,596,1023,1023,-1
1676,0,0,8059,0,100,0,719,596,1023,1023,-1
1676,0,0,8059,0,100,0,719,596,1023,1023,-1
1677,0,0,8059,0,100,0,719,596,1023,1023,-1
1678,0,0,8059,0,100,0,719,596,1023,1023,-1
1679,0,0,8059,0,100,0,717,595,1023,1023,-1
1701,0,0,8045,0,100,0,718,597,1023,1023,-1
1702,0,0,8045,0,100,0,718,597,1023,1023,-1
1702,0,0,8045,0,100,0,718,597,1023,1023,-1
1703,0,0,8045,0,100,0,718,597,1023,1023,-1
1704,0,0,8045,0,100,0,718,597,1023,1023,-1
1705,0,0,8045,0,100,0,719,597,1023,1023,-1
1705,0,0,8045,0,100,0,719,597,1023,1023,-1
1706,0,0,8045,0,100,0,719,597,1023,1023,-1
1707,0,0,8045,0,100,0,719,597,1023,1023,-1
1708,0,0,8045,0,100,0,719,597,1023,1023,-1
1708,0,0,8045,0,100,0,719,597,1023,1023,-1
1709,0,0,8045,0,100,0,719,598,1023,1023,-1
1710,0,0,8045,0,100,0,719,598,1023,1023,-1
1711,0,0,8059,0,100,0,718,597,1023,1023,-1
1744,0,0,8073,0,100,0,718,597,1023,1023,-1
1745,0,0,8073,0,100,0,718,598,1023,1023,-1
1746,0,0,8073,0,100,0,718,598,1023,1023,-1
1746,0,0,8073,0,100,0,718,598,1023,1023,-1
1747,0,0,8073,0,100,0,718,597,1023,1023,-1
1748,0,0,8073,0,100,0,718,597,1023,1023,-1
1749,0,0,8073,0,100,0,718,597,1023,1023,-1
1749,0,0,8073,0,100,0,718,597,1023,1023,-1
1750,0,0,8073,0,100,0,718,597,1023,1023,-1
1751,0,0,8045,0,100,0,718,597,1023,1023,-1
1752,0,0,8045,0,100,0,718,597,1023,1023,-1
1752,0,0,8045,0,100,0,718,597,1023,1023,-1
1753,0,0,8045,0,100,0,718,597,1023,1023,-1
1754,0,0,8045,0,100,0,718,597,1023,1023,-1
1754,0,0,8045,0,100,0,718,597,1023,1023,-1
1785,0,0,8059,0,100,0,718,596,1023,1023,-1
1786,0,0,8059,0,100,0,718,596,1023,1023,-1
1787,0,0,8059,0,100,0,718,596,1023,1023,-1
1788,0,0,8059,0,100,0,718,596,1023,1023,-1
1788,0,0,8059,0,100,0,718,596,1023,1023,-1
1789,0,0,8059,0,100,0,718,596,1023,1023,-1
1790,0,0,8059,0,100,0,718,596,1023,1023,-1
1790,0,0,8059,0,100,0,718,596,1023,1023,-1
1791,0,0,8073,0,100,0,718,596,1023,1023,-1
1792,0,0,8073,0,100,0,718,596,1023,1023,-1
1793,0,0,8073,0,100,0,718,596,1023,1023,-1
1793,0,0,8073,0,100,0,718,596,1023,1023,-1
1794,0,0,8073,0,100,0,718,596,1023,1023,-1
1795,0,0,8073,0,100,0,718,595,1023,1023,-1
1796,0,0,8073,0,100,0,718,595,1023,1023,-1
1796,0,0,8073,0,100,0,718,595,1023,1023,-1
1821,0,0,8059,0,100,0,718,595,1023,1023,-1
1822,0,0,8059,0,100,0,718,595,1023,1023,-1
1822,0,0,8059,0,100,0,718,595,1023,1023,-1
1823,0,0,8059,0,100,0,718,595,1023,1023,-1
1824,0,0,8059,0,100,0,718,595,1023,1023,-1
1825,0,0,8059,0,100,0,718,595,1023,1023,-1
1825,0,0,8059,0,100,0,718,595,1023,1023,-1
1826,0,0,8059,0,100,0,718,595,1023,1023,-1
1827,0,0,8059,0,100,0,718,594,1023,1023,-1
1828,0,0,8059,0,100,0,718,594,1023,1023,-1
1828,0,0,8059,0,100,0,718,594,1023,1023,-1
1829,0,0,8059,0,100,0,718,594,1023,1023,-1
1830,0,0,8059,0,100,0,718,594,1023,1023,-1
1830,0,0,8059,0,100,0,718,594,1023,1023,-1
1862,0,0,8059,0,100,0,719,599,1023,1023,-1
1862,0,0,8059,0,100,0,719,599,1023,1023,-1
1863,0,0,8059,0,100,0,718,599,1023,1023,-1
1864,0,0,8059,0,100,0,718,599,1023,1023,-1
1865,0,0,8059,0,100,0,718,599,1023,1023,-1
1865,0,0,8059,0,100,0,718,599,1023,1023,-1
1866,0,0,8059,0,100,0,718,599,1023,1023,-1
1867,0,0,8059,0,100,0,718,599,1023,1023,-1
1867,0,0,8059,0,100,0,718,599,1023,1023,-1
1868,0,0,8059,0,100,0,718,599,1023,1023,-1
1869,0,0,8059,0,100,0,718,599,1023,1023,-1
1870,0,0,8059,0,100,0,718,599,1023,1023,-1
1870,0,0,8059,0,100,0,718,599,1023,1023,-1
1871,0,0,8059,0,100,0,718,599,1023,1023,-1
1872,0,0,8059,0,100,0,718,599,1023,1023,-1
1873,0,0,8059,0,100,0,719,600,1023,1023,-1
1896,0,0,8059,0,100,0,718,601,1023,1023,-1
1897,0,0,8059,0,100,0,718,601,1023,1023,-1
1897,0,0,8059,0,100,0,718,601,1023,1023,-1
1898,0,0,8059,0,100,0,718,601,1023,1023,-1
1899,0,0,8059,0,100,0,718,601,1023,1023,-1
1900,0,0,8059,0,100,0,718,601,1023,1023,-1
1900,0,0,8059,0,100,0,718,601,1023,1023,-1
1901,0,0,8073,0,100,0,718,601,1023,1023,-1
1902,0,0,8073,0,100,0,718,601,1023,1023,-1
1903,0,0,8073,0,100,0,718,601,1023,1023,-1
1903,0,0,8073,0,100,0,718,601,1023,1023,-1
1904,0,0,8073,0,100,0,718,601,1023,1023,-1
1905,0,0,8073,0,100,0,718,601,1023,1023,-1
1906,0,0,8073,0,100,0,718,601,1023,1023,-1
1937,0,0,8059,0,100,0,718,601,1023,1023,-1
1937,0,0,8059,0,100,0,718,601,1023,1023,-1
1938,0,0,8059,0,100,0,718,601,1023,1023,-1
1939,0,0,8059,0,100,0,718,601,1023,1023,-1
1940,0,0,8059,0,100,0,718,601,1023,1023,-1
1940,0,0,8059,0,100,0,718,601,1023,1023,-1
1941,0,0,8059,0,100,0,719,600,1023,1023,-1
1942,0,0,8059,0,100,0,719,600,1023,1023,-1
1943,0,0,8059,0,100,0,719,600,1023,1023,-1
1943,0,0,8059,0,100,0,719,600,1023,1023,-1
1944,0,0,8059,0,100,0,719,600,1023,1023,-1
1945,0,0,8059,0,100,0,718,600,1023,1023,-1
1946,0,0,8059,0,100,0,718,600,1023,1023,-1
1946,0,0,8059,0,100,0,718,600,1023,1023,-1
1947,0,0,8059,0,100,0,718,600,1023,1023,-1
1971,0,0,8059,0,100,0,717,599,1023,1023,-1
1972,0,0,8059,0,100,0,717,599,1023,1023,-1
1973,0,0,8059,0,100,0,718,598,1023,1023,-1
1974,0,0,8059,0,100,0,718,598,1023,1023,-1
1974,0,0,8059,0,100,0,718,598,1023,1023,-1
1975,0,0,8059,0,100,0,718,598,1023,1023,-1
1976,0,0,8059,0,100,0,718,598,1023,1023,-1
1977,0,0,8059,0,100,0,718,598,1023,1023,-1
1977,0,0,8059,0,100,0,718,598,1023,1023,-1
1978,0,0,8059,0,100,0,718,598,1023,1023,-1
1979,0,0,8059,0,100,0,718,598,1023,1023,-1
1979,0,0,8059,0,100,0,718,598,1023,1023,-1
1980,0,0,8059,0,100,0,718,598,1023,1023,-1
1981,0,0,8059,0,100,0,718,598,1023,1023,-1
1982,0,0,8059,0,100,0,718,598,1023,1023,-1
1982,0,0,8059,0,100,0,718,598,1023,1023,-1
2013,0,0,8059,0,100,0,718,596,1023,1023,-1
2014,0,0,8059,0,100,0,718,596,1023,1023,-1
2015,0,0,8059,0,100,0,718,597,1023,1023,-1
2016,0,0,8059,0,100,0,718,597,1023,1023,-1
2016,0,0,8059,0,100,0,718,597,1023,1023,-1
2017,0,0,8059,0,100,0,718,597,1023,1023,-1
2018,0,0,8059,0,100,0,718,597,1023,1023,-1
2019,0,0,8059,0,100,0,718,597,1023,1023,-1
2019,0,0,8059,0,100,0,718,597,1023,1023,-1
2020,0,0,8059,0,100,0,718,597,1023,1023,-1
2021,0,0,8059,0,100,0,718,597,1023,1023,-1
2022,0,0,8059,0,100,0,718,597,1023,1023,-1
2022,0,0,8059,0,100,0,718,597,1023,1023,-1
2023,0,0,8059,0,100,0,718,597,1023,1023,-1
2024,0,0,8059,0,100,0,718,597,1023,1023,-1
2043,0,0,8059,0,100,0,718,596,1023,1023,-1
2044,0,0,8059,0,100,0,718,596,1023,1023,-1
2044,0,0,8059,0,100,0,718,596,1023,1023,-1
2045,0,0,8059,0,100,0,718,596,1023,1023,-1
2046,0,0,8059,0,100,0,718,596,1023,1023,-1
2047,0,0,8059,0,100,0,718,596,1023,1023,-1
2047,0,0,8059,0,100,0,718,596,1023,1023,-1
2048,0,0,8059,0,100,0,718,596,1023,1023,-1
2049,0,0,8059,0,100,0,718,596,1023,1023,-1
2050,0,0,8059,0,100,0,718,596,1023,1023,-1
2050,0,0,8059,0,100,0,718,596,1023,1023,-1
2051,0,0,8045,0,100,0,719,596,1023,1023,-1
2052,0,0,8045,0,100,0,719,596,1023,1023,-1
2053,0,0,8045,0,100,0,719,596,1023,1023,-1
2070,0,0,8045,0,100,0,718,594,1023,1023,-1
2071,0,0,8045,0,100,0,718,594,1023,1023,-1
2072,0,0,8045,0,100,0,718,594,1023,1023,-1
2072,0,0,8045,0,100,0,718,594,1023,1023,-1
2073,0,0,8045,0,100,0,718,595,1023,1023,-1
2074,0,0,8045,0,100,0,718,595,1023,1023,-1
2074,0,0,8045,0,100,0,718,595,1023,1023,-1
2075,0,0,8045,0,100,0,718,594,1023,1023,-1
2076,0,0,8045,0,100,0,718,594,1023,1023,-1
2077,0,0,8045,0,100,0,718,594,1023,1023,-1
2077,0,0,8045,0,100,0,718,594,1023,1023,-1
2078,0,0,8045,0,100,0,718,594,1023,1023,-1
2079,0,0,8045,0,100,0,718,594,1023,1023,-1
2080,0,0,8045,0,100,0,718,594,1023,1023,-1
2080,0,0,8045,0,100,0,718,594,1023,1023,-1
2081,0,0,8059,0,100,0,718,594,1023,1023,-1
2098,0,0,8059,0,100,0,718,593,1023,1023,-1
2099,0,0,8059,0,100,0,718,594,1023,1023,-1
2100,0,0,8059,0,100,0,718,594,1023,1023,-1
2100,0,0,8059,0,100,0,718,594,1023,1023,-1
2101,0,0,8059,0,100,0,719,594,1023,1023,-1
2102,0,0,8059,0,100,0,719,594,1023,1023,-1
2103,0,0,8059,0,100,0,719,594,1023,1023,-1
2103,0,0,8059,0,100,0,719,594,1023,1023,-1
2104,0,0,8059,0,100,0,719,594,1023,1023,-1
2105,0,0,8059,0,100,0,719,594,1023,1023,-1
2106,0,0,8059,0,100,0,719,594,1023,1023,-1
2106,0,0,8059,0,100,0,719,594,1023,1023,-1
2107,0,0,8059,0,100,0,718,593,1023,1023,-1
2108,0,0,8059,0,100,0,718,593,1023,1023,-1
2137,0,0,8073,0,100,0,718,594,1023,1023,-1
2138,0,0,8073,0,100,0,718,594,1023,1023,-1
2138,0,0,8073,0,100,0,718,594,1023,1023,-1
2139,0,0,8073,0,100,0,718,594,1023,1023,-1
2140,0,0,8073,0,100,0,718,594,1023,1023,-1
2141,0,0,8045,0,100,0,718,594,1023,1023,-1
2141,0,0,8045,0,100,0,718,594,1023,1023,-1
2142,0,0,8045,0,100,0,718,594,1023,1023,-1
2143,0,0,8045,0,100,0,719,594,1023,1023,-1
2143,0,0,8045,0,100,0,719,594,1023,1023,-1
2144,0,0,8045,0,100,0,719,594,1023,1023,-1
2145,0,0,8045,0,100,0,719,594,1023,1023,-1
2146,0,0,8045,0,100,0,719,594,1023,1023,-1
2146,0,0,8045,0,100,0,719,594,1023,1023,-1
2147,0,0,8045,0,100,0,719,594,1023,1023,-1
2176,0,0,8045,0,100,0,718,595,1023,1023,-1
2176,0,0,8045,0,100,0,718,595,1023,1023,-1
2177,0,0,8045,0,100,0,719,595,1023,1023,-1
2178,0,0,8045,0,100,0,719,595,1023,1023,-1
2178,0,0,8045,0,100,0,719,595,1023,1023,-1
2179,0,0,8045,0,100,0,718,594,1023,1023,-1
2180,0,0,8045,0,100,0,718,594,1023,1023,-1
2181,0,0,8059,0,100,0,718,594,1023,1023,-1
2181,0,0,8059,0,100,0,718,594,1023,1023,-1
2182,0,0,8059,0,100,0,718,594,1023,1023,-1
2183,0,0,8059,0,100,0,718,594,1023,1023,-1
2184,0,0,8059,0,100,0,718,594,1023,1023,-1
2184,0,0,8059,0,100,0,718,594,1023,1023,-1
2185,0,0,8059,0,100,0,719,593,1023,1023,-1
2186,0,0,8059,0,100,0,719,593,1023,1023,-1
2204,0,0,8045,0,100,0,719,591,1023,1023,-1
2205,0,0,8045,0,100,0,719,591,1023,1023,-1
2206,0,0,8045,0,100,0,719,591,1023,1023,-1
2207,0,0,8045,0,100,0,719,590,1023,1023,-1
2207,0,0,8045,0,100,0,719,590,1023,1023,-1
2208,0,0,8045,0,100,0,719,590,1023,1023,-1
2209,0,0,8045,0,100,0,719,590,1023,1023,-1
2210,0,0,8045,0,100,0,719,590,1023,1023,-1
2210,0,0,8045,0,100,0,719,590,1023,1023,-1
2211,0,0,8059,0,100,0,719,590,1023,1023,-1
2212,0,0,8059,0,100,0,719,590,1023,1023,-1
2212,0,0,8059,0,100,0,719,590,1023,1023,-1
2213,0,0,8059,0,100,0,719,589,1023,1023,-1
2214,0,0,8059,0,100,0,719,589,1023,1023,-1
2215,0,0,8059,0,100,0,719,588,1023,1023,-1
2226,0,0,8045,0,100,0,719,587,1023,1023,-1
2227,0,0,8045,0,100,0,720,588,1023,1023,-1
2228,0,0,8045,0,100,0,720,588,1023,1023,-1
2229,0,0,8045,0,100,0,720,588,1023,1023,-1
2229,0,0,8045,0,100,0,720,588,1023,1023,-1
2230,0,0,8045,0,100,0,720,588,1023,1023,-1
2231,0,0,8045,0,100,0,720,588,1023,1023,-1
2231,0,0,8045,0,100,0,720,588,1023,1023,-1
2232,0,0,8045,0,100,0,720,588,1023,1023,-1
2233,0,0,8045,0,100,0,719,588,1023,1023,-1
2234,0,0,8045,0,100,0,719,588,1023,1023,-1
2234,0,0,8045,0,100,0,719,588,1023,1023,-1
2235,0,0,8045,0,100,0,719,588,1023,1023,-1
2236,0,0,8045,0,100,0,719,588,1023,1023,-1
2271,0,0,8073,0,100,0,720,597,1023,1023,-1
2272,0,0,8073,0,100,0,720,597,1023,1023,-1
2273,0,0,8073,0,100,0,720,597,1023,1023,-1
2274,0,0,8073,0,100,0,720,597,1023,1023,-1
2274,0,0,8073,0,100,0,720,597,1023,1023,-1
2275,0,0,8073,0,100,0,720,598,1023,1023,-1
2276,0,0,8073,0,100,0,720,598,1023,1023,-1
2277,0,0,8073,0,100,0,720,598,1023,1023,-1
2277,0,0,8073,0,100,0,720,598,1023,1023,-1
2278,0,0,8073,0,100,0,720,598,1023,1023,-1
2279,0,0,8073,0,100,0,720,598,1023,1023,-1
2280,0,0,8073,0,100,0,720,598,1023,1023,-1
2280,0,0,8073,0,100,0,720,598,1023,1023,-1
2281,0,0,8059,0,100,0,720,599,1023,1023,-1
2282,0,0,8059,0,100,0,720,599,1023,1023,-1
2300,0,0,8045,0,100,0,719,603,1023,1023,-1
2301,0,0,8045,0,100,0,720,603,1023,1023,-1
2302,0,0,8045,0,100,0,720,603,1023,1023,-1
2303,0,0,8045,0,100,0,720,603,1023,1023,-1
2303,0,0,8045,0,100,0,720,603,1023,1023,-1
2304,0,0,8045,0,100,0,720,603,1023,1023,-1
2305,0,0,8045,0,100,0,719,604,1023,1023,-1
2305,0,0,8045,0,100,0,719,604,1023,1023,-1
2306,0,0,8045,0,100,0,719,604,1023,1023,-1
2307,0,0,8045,0,100,0,720,605,1023,1023,-1
2308,0,0,8045,0,100,0,720,605,1023,1023,-1
2308,0,0,8045,0,100,0,720,605,1023,1023,-1
2309,0,0,8045,0,100,0,720,605,1023,1023,-1
2310,0,0,8045,0,100,0,720,605,1023,1023,-1
2311,0,0,8045,0,100,0,720,605,1023,1023,-1
2330,0,0,8073,0,100,0,719,606,1023,1023,-1
2330,0,0,8073,0,100,0,719,606,1023,1023,-1
2331,0,0,8059,0,100,0,719,606,1023,1023,-1
2332,0,0,8059,0,100,0,719,606,1023,1023,-1
2333,0,0,8059,0,100,0,719,606,1023,1023,-1
2333,0,0,8059,0,100,0,719,606,1023,1023,-1
2334,0,0,8059,0,100,0,719,606,1023,1023,-1
2335,0,0,8059,0,100,0,720,605,1023,1023,-1
2336,0,0,8059,0,100,0,720,605,1023,1023,-1
2336,0,0,8059,0,100,0,720,605,1023,1023,-1
2337,0,0,8059,0,100,0,719,605,1023,1023,-1
2338,0,0,8059,0,100,0,719,605,1023,1023,-1
2339,0,0,8059,0,100,0,719,605,1023,1023,-1
2339,0,0,8059,0,100,0,719,605,1023,1023,-1
2340,0,0,8059,0,100,0,719,605,1023,1023,-1
2341,0,0,8059,0,100,0,719,605,1023,1023,-1
2375,0,0,8059,0,100,0,720,597,1023,1023,-1
2376,0,0,8059,0,100,0,720,597,1023,1023,-1
2377,0,0,8059,0,100,0,720,597,1023,1023,-1
2378,0,0,8059,0,100,0,720,597,1023,1023,-1
2378,0,0,8059,0,100,0,720,597,1023,1023,-1
2379,0,0,8059,0,100,0,719,596,1023,1023,-1
2380,0,0,8059,0,100,0,719,596,1023,1023,-1
2381,0,0,8059,0,100,0,719,595,1023,1023,-1
2381,0,0,8059,0,100,0,719,595,1023,1023,-1
2382,0,0,8059,0,100,0,719,595,1023,1023,-1
2383,0,0,8059,0,100,0,719,595,1023,1023,-1
2384,0,0,8059,0,100,0,719,595,1023,1023,-1
2384,0,0,8059,0,100,0,719,595,1023,1023,-1
2385,0,0,8059,0,100,0,719,595,1023,1023,-1
2386,0,0,8059,0,100,0,719,595,1023,1023,-1
2417,0,0,8059,0,100,0,720,593,1023,1023,-1
2418,0,0,8059,0,100,0,720,593,1023,1023,-1
2418,0,0,8059,0,100,0,720,593,1023,1023,-1
2419,0,0,8059,0,100,0,720,593,1023,1023,-1
2420,0,0,8059,0,100,0,720,593,1023,1023,-1
2420,0,0,8059,0,100,0,720,593,1023,1023,-1
2421,0,0,8059,0,100,0,719,593,1023,1023,-1
2422,0,0,8059,0,100,0,719,593,1023,1023,-1
2423,0,0,8059,0,100,0,719,594,1023,1023,-1
2423,0,0,8059,0,100,0,719,594,1023,1023,-1
2424,0,0,8059,0,100,0,719,594,1023,1023,-1
2425,0,0,8059,0,100,0,719,594,1023,1023,-1
2426,0,0,8059,0,100,0,719,594,1023,1023,-1
2426,0,0,8059,0,100,0,719,594,1023,1023,-1
2427,0,0,8059,0,100,0,719,594,1023,1023,-1
2451,0,0,8059,0,100,0,720,596,1023,1023,-1
2452,0,0,8059,0,100,0,720,596,1023,1023,-1
2453,0,0,8059,0,100,0,719,596,1023,1023,-1
2454,0,0,8059,0,100,0,719,596,1023,1023,-1
2454,0,0,8059,0,100,0,719,596,1023,1023,-1
2455,0,0,8059,0,100,0,719,596,1023,1023,-1
2456,0,0,8059,0,100,0,719,596,1023,1023,-1
2457,0,0,8059,0,100,0,719,596,1023,1023,-1
2457,0,0,8059,0,100,0,719,596,1023,1023,-1
2458,0,0,8059,0,100,0,719,596,1023,1023,-1
2459,0,0,8059,0,100,0,720,597,1023,1023,-1
2459,0,0,8059,0,100,0,720,597,1023,1023,-1
2460,0,0,8059,0,100,0,720,597,1023,1023,-1
2461,0,0,8059,0,100,0,720,597,1023,1023,-1
2493,0,0,8059,0,100,0,720,599,1023,1023,-1
2494,0,0,8059,0,100,0,720,599,1023,1023,-1
2494,0,0,8059,0,100,0,720,599,1023,1023,-1
2495,0,0,8059,0,100,0,719,599,1023,1023,-1
2496,0,0,8059,0,100,0,719,599,1023,1023,-1
2496,0,0,8059,0,100,0,719,599,1023,1023,-1
2497,0,0,8059,0,100,0,719,599,1023,1023,-1
2498,0,0,8059,0,100,0,719,599,1023,1023,-1
2499,0,0,8059,0,100,0,719,599,1023,1023,-1
2499,0,0,8059,0,100,0,719,599,1023,1023,-1
2500,0,0,8059,0,100,0,719,599,1023,1023,-1
2501,0,0,8059,0,100,0,719,599,1023,1023,-1
2502,0,0,8059,0,100,0,719,599,1023,1023,-1
2502,0,0,8059,0,100,0,719,599,1023,1023,-1
2503,0,0,8059,0,100,0,719,599,1023,1023,-1
2527,0,0,8059,0,100,0,720,597,1023,1023,-1
2527,0,0,8059,0,100,0,720,597,1023,1023,-1
2528,0,0,8059,0,100,0,720,597,1023,1023,-1
2529,0,0,8059,0,100,0,719,597,1023,1023,-1
2529,0,0,8059,0,100,0,719,597,1023,1023,-1
2530,0,0,8059,0,100,0,719,597,1023,1023,-1
2531,0,0,8059,0,100,0,719,597,1023,1023,-1
2532,0,0,8059,0,100,0,719,597,1023,1023,-1
2532,0,0,8059,0,100,0,719,597,1023,1023,-1
2533,0,0,8059,0,100,0,719,597,1023,1023,-1
2534,0,0,8059,0,100,0,719,597,1023,1023,-1
2535,0,0,8059,0,100,0,720,596,1023,1023,-1
2535,0,0,8059,0,100,0,720,596,1023,1023,-1
2536,0,0,8059,0,100,0,720,596,1023,1023,-1
2537,0,0,8059,0,100,0,719,596,1023,1023,-1
2568,0,0,8059,0,100,0,720,595,1023,1023,-1
2569,0,0,8059,0,100,0,720,595,1023,1023,-1
2569,0,0,8059,0,100,0,720,595,1023,1023,-1
2570,0,0,8059,0,100,0,720,595,1023,1023,-1
2571,0,0,8045,0,100,0,719,595,1023,1023,-1
2572,0,0,8045,0,100,0,719,595,1023,1023,-1
2572,0,0,8045,0,100,0,719,595,1023,1023,-1
2573,0,0,8045,0,100,0,719,596,1023,1023,-1
2574,0,0,8045,0,100,0,719,596,1023,1023,-1
2575,0,0,8045,0,100,0,719,596,1023,1023,-1
2575,0,0,8045,0,100,0,719,596,1023,1023,-1
2576,0,0,8045,0,100,0,719,596,1023,1023,-1
2577,0,0,8045,0,100,0,719,595,1023,1023,-1
2578,0,0,8045,0,100,0,719,595,1023,1023,-1
2578,0,0,8045,0,100,0,719,595,1023,1023,-1
2604,0,0,8059,0,100,0,719,596,1023,1023,-1
2605,0,0,8059,0,100,0,719,596,1023,1023,-1
2605,0,0,8059,0,100,0,719,596,1023,1023,-1
2606,0,0,8059,0,100,0,719,596,1023,1023,-1
2607,0,0,8059,0,100,0,719,595,1023,1023,-1
2607,0,0,8059,0,100,0,719,595,1023,1023,-1
2608,0,0,8059,0,100,0,719,595,1023,1023,-1
2609,0,0,8059,0,100,0,720,596,1023,1023,-1
2610,0,0,8059,0,100,0,720,596,1023,1023,-1
2610,0,0,8059,0,100,0,720,596,1023,1023,-1
2611,0,0,8059,0,100,0,720,596,1023,1023,-1
2612,0,0,8059,0,100,0,720,596,1023,1023,-1
2613,0,0,8059,0,100,0,719,596,1023,1023,-1
2613,0,0,8059,0,100,0,719,596,1023,1023,-1
2614,0,0,8059,0,100,0,719,596,1023,1023,-1
2615,0,0,8059,0,100,0,719,596,1023,1023,-1
2646,0,0,8059,0,100,0,719,598,1023,1023,-1
2646,0,0,8059,0,100,0,719,598,1023,1023,-1
2647,0,0,8059,0,100,0,719,598,1023,1023,-1
2648,0,0,8059,0,100,0,719,598,1023,1023,-1
2649,0,0,8059,0,100,0,719,598,1023,1023,-1
2649,0,0,8059,0,100,0,719,598,1023,1023,-1
2650,0,0,8059,0,100,0,719,598,1023,1023,-1
2651,0,0,8059,0,100,0,719,599,1023,1023,-1
2652,0,0,8059,0,100,0,719,599,1023,1023,-1
2652,0,0,8059,0,100,0,719,599,1023,1023,-1
2653,0,0,8059,0,100,0,719,599,1023,1023,-1
2654,0,0,8059,0,100,0,719,599,1023,1023,-1
2655,0,0,8059,0,100,0,719,599,1023,1023,-1
2655,0,0,8059,0,100,0,719,599,1023,1023,-1
2656,0,0,8059,0,100,0,719,599,1023,1023,-1
2677,0,0,8059,0,100,0,720,598,1023,1023,-1
2678,0,0,8059,0,100,0,720,598,1023,1023,-1
2679,0,0,8059,0,100,0,719,598,1023,1023,-1
2679,0,0,8059,0,100,0,719,598,1023,1023,-1
2680,0,0,8059,0,100,0,719,598,1023,1023,-1
2681,0,0,8045,0,100,0,719,598,1023,1023,-1
2682,0,0,8045,0,100,0,719,598,1023,1023,-1
2682,0,0,8045,0,100,0,719,598,1023,1023,-1
2683,0,0,8045,0,100,0,719,598,1023,1023,-1
2684,0,0,8045,0,100,0,719,598,1023,1023,-1
2685,0,0,8045,0,100,0,720,598,1023,1023,-1
2685,0,0,8045,0,100,0,720,598,1023,1023,-1
2686,0,0,8045,0,100,0,720,598,1023,1023,-1
2687,0,0,8045,0,100,0,719,597,1023,1023,-1
2705,0,0,8045,0,100,0,719,597,1023,1023,-1
2706,0,0,8045,0,100,0,719,597,1023,1023,-1
2707,0,0,8045,0,100,0,719,597,1023,1023,-1
2707,0,0,8045,0,100,0,719,597,1023,1023,-1
2708,0,0,8045,0,100,0,719,597,1023,1023,-1
2709,0,0,8045,0,100,0,719,597,1023,1023,-1
2710,0,0,8045,0,100,0,719,597,1023,1023,-1
2710,0,0,8045,0,100,0,719,597,1023,1023,-1
2711,0,0,8045,0,100,0,719,597,1023,1023,-1
2712,0,0,8045,0,100,0,719,597,1023,1023,-1
2713,0,0,8045,0,100,0,719,597,1023,1023,-1
2713,0,0,8045,0,100,0,719,597,1023,1023,-1
2714,0,0,8045,0,100,0,719,597,1023,1023,-1
2715,0,0,8045,0,100,0,719,597,1023,1023,-1
2716,0,0,8045,0,100,0,719,597,1023,1023,-1
2716,0,0,8045,0,100,0,719,597,1023,1023,-1
2733,0,0,8059,0,100,0,719,596,1023,1023,-1
2734,0,0,8059,0,100,0,719,596,1023,1023,-1
2735,0,0,8059,0,100,0,719,596,1023,1023,-1
2736,0,0,8059,0,100,0,719,596,1023,1023,-1
2736,0,0,8059,0,100,0,719,596,1023,1023,-1
2737,0,0,8059,0,100,0,719,596,1023,1023,-1
2738,0,0,8059,0,100,0,719,596,1023,1023,-1
2739,0,0,8059,0,100,0,719,596,1023,1023,-1
2739,0,0,8059,0,100,0,719,596,1023,1023,-1
2740,0,0,8059,0,100,0,719,596,1023,1023,-1
2741,0,0,8073,0,100,0,720,596,1023,1023,-1
2742,0,0,8073,0,100,0,720,596,1023,1023,-1
2742,0,0,8073,0,100,0,720,596,1023,1023,-1
2743,0,0,8073,0,100,0,720,596,1023,1023,-1
2771,0,0,8045,0,100,0,719,596,1023,1023,-1
2772,0,0,8045,0,100,0,719,596,1023,1023,-1
2772,0,0,8045,0,100,0,719,596,1023,1023,-1
2773,0,0,8045,0,100,0,719,596,1023,1023,-1
2774,0,0,8045,0,100,0,719,596,1023,1023,-1
2775,0,0,8045,0,100,0,719,595,1023,1023,-1
2775,0,0,8045,0,100,0,719,595,1023,1023,-1
2776,0,0,8045,0,100,0,719,595,1023,1023,-1
2777,0,0,8045,0,100,0,719,595,1023,1023,-1
2777,0,0,8045,0,100,0,719,595,1023,1023,-1
2778,0,0,8045,0,100,0,719,595,1023,1023,-1
2779,0,0,8045,0,100,0,719,595,1023,1023,-1
2780,0,0,8045,0,100,0,719,595,1023,1023,-1
2780,0,0,8045,0,100,0,719,595,1023,1023,-1
2781,0,0,8045,0,100,0,719,596,1023,1023,-1
2809,0,0,8059,0,100,0,719,596,1023,1023,-1
2810,0,0,8059,0,100,0,719,596,1023,1023,-1
2811,0,0,8059,0,100,0,719,595,1023,1023,-1
2811,0,0,8059,0,100,0,719,595,1023,1023,-1
2812,0,0,8059,0,100,0,719,595,1023,1023,-1
2813,0,0,8059,0,100,0,719,596,1023,1023,-1
2814,0,0,8059,0,100,0,719,596,1023,1023,-1
2814,0,0,8059,0,100,0,719,596,1023,1023,-1
2815,0,0,8059,0,100,0,719,596,1023,1023,-1
2816,0,0,8059,0,100,0,719,596,1023,1023,-1
2817,0,0,8059,0,100,0,720,595,1023,1023,-1
2817,0,0,8059,0,100,0,720,595,1023,1023,-1
2818,0,0,8059,0,100,0,720,595,1023,1023,-1
2819,0,0,8059,0,100,0,719,595,1023,1023,-1
2820,0,0,8059,0,100,0,719,595,1023,1023,-1
2839,0,0,8045,0,100,0,719,595,1023,1023,-1
2840,0,0,8045,0,100,0,719,595,1023,1023,-1
2840,0,0,8045,0,100,0,719,595,1023,1023,-1
2841,0,0,8059,0,100,0,719,595,1023,1023,-1
2842,0,0,8059,0,100,0,719,595,1023,1023,-1
2843,0,0,8059,0,100,0,719,596,1023,1023,-1
2843,0,0,8059,0,100,0,719,596,1023,1023,-1
2844,0,0,8059,0,100,0,719,596,1023,1023,-1
2845,0,0,8059,0,100,0,719,596,1023,1023,-1
2846,0,0,8059,0,100,0,719,596,1023,1023,-1
2846,0,0,8059,0,100,0,719,596,1023,1023,-1
2847,0,0,8059,0,100,0,719,596,1023,1023,-1
2848,0,0,8059,0,100,0,719,596,1023,1023,-1
2849,0,0,8059,0,100,0,719,596,1023,1023,-1
2849,0,0,8059,0,100,0,719,596,1023,1023,-1
2860,0,0,8059,0,100,0,720,597,1023,1023,-1
2861,0,0,8045,0,100,0,719,597,1023,1023,-1
2862,0,0,8045,0,100,0,719,597,1023,1023,-1
2863,0,0,8045,0,100,0,719,597,1023,1023,-1
2863,0,0,8045,0,100,0,719,597,1023,1023,-1
2864,0,0,8045,0,100,0,719,597,1023,1023,-1
2865,0,0,8045,0,100,0,719,597,1023,1023,-1
2866,0,0,8045,0,100,0,719,597,1023,1023,-1
2866,0,0,8045,0,100,0,719,597,1023,1023,-1
2867,0,0,8045,0,100,0,720,597,1023,1023,-1
2868,0,0,8045,0,100,0,720,597,1023,1023,-1
2869,0,0,8045,0,100,0,720,597,1023,1023,-1
2869,0,0,8045,0,100,0,720,597,1023,1023,-1
2870,0,0,8045,0,100,0,720,597,1023,1023,-1
2871,0,0,8059,0,100,0,718,597,1023,1023,-1
2871,0,0,8059,0,100,0,718,597,1023,1023,-1
2906,0,0,8059,0,100,0,718,597,1023,1023,-1
2907,0,0,8059,0,100,0,719,598,1023,1023,-1
2908,0,0,8059,0,100,0,719,598,1023,1023,-1
2908,0,0,8059,0,100,0,719,598,1023,1023,-1
2909,0,0,8059,0,100,0,720,598,1023,1023,-1
2910,0,0,8059,0,100,0,720,598,1023,1023,-1
2911,0,0,8045,0,100,0,719,598,1023,1023,-1
2911,0,0,8045,0,100,0,719,598,1023,1023,-1
2912,0,0,8045,0,100,0,719,598,1023,1023,-1
2913,0,0,8045,0,100,0,719,597,1023,1023,-1
2914,0,0,8045,0,100,0,719,597,1023,1023,-1
2914,0,0,8045,0,100,0,719,597,1023,1023,-1
2915,0,0,8045,0,100,0,719,598,1023,1023,-1
2916,0,0,8045,0,100,0,719,598,1023,1023,-1
2934,0,0,8059,0,100,0,719,597,1023,1023,-1
2935,0,0,8059,0,100,0,719,597,1023,1023,-1
2936,0,0,8059,0,100,0,719,597,1023,1023,-1
2936,0,0,8059,0,100,0,719,597,1023,1023,-1
2937,0,0,8059,0,100,0,719,597,1023,1023,-1
2938,0,0,8059,0,100,0,719,597,1023,1023,-1
2939,0,0,8059,0,100,0,719,597,1023,1023,-1
2939,0,0,8059,0,100,0,719,597,1023,1023,-1
2940,0,0,8059,0,100,0,719,597,1023,1023,-1
2941,0,0,8045,0,100,0,720,597,1023,1023,-1
2942,0,0,8045,0,100,0,720,597,1023,1023,-1
2942,0,0,8045,0,100,0,720,597,1023,1023,-1
2943,0,0,8045,0,100,0,720,597,1023,1023,-1
2944,0,0,8045,0,100,0,720,597,1023,1023,-1
2945,0,0,8045,0,100,0,719,597,1023,1023,-1
2963,0,0,8073,0,100,0,719,597,1023,1023,-1
2963,0,0,8073,0,100,0,719,597,1023,1023,-1
2964,0,0,8073,0,100,0,719,597,1023,1023,-1
2965,0,0,8073,0,100,0,719,597,1023,1023,-1
2966,0,0,8073,0,100,0,719,597,1023,1023,-1
2966,0,0,8073,0,100,0,719,597,1023,1023,-1
2967,0,0,8073,0,100,0,719,597,1023,1023,-1
2968,0,0,8073,0,100,0,719,597,1023,1023,-1
2969,0,0,8073,0,100,0,719,597,1023,1023,-1
2969,0,0,8073,0,100,0,719,597,1023,1023,-1
2970,0,0,8073,0,100,0,719,597,1023,1023,-1
2971,0,0,8045,0,100,0,719,596,1023,1023,-1
2972,0,0,8045,0,100,0,719,596,1023,1023,-1
2972,0,0,8045,0,100,0,719,596,1023,1023,-1
3014,0,0,8059,0,100,0,719,598,1023,1023,-1
3015,0,0,8059,0,100,0,719,598,1023,1023,-1
3015,0,0,8059,0,100,0,719,598,1023,1023,-1
3016,0,0,8059,0,100,0,719,598,1023,1023,-1
3017,0,0,8059,0,100,0,719,598,1023,1023,-1
3018,0,0,8059,0,100,0,719,598,1023,1023,-1
3018,0,0,8059,0,100,0,719,598,1023,1023,-1
3019,0,0,8059,0,100,0,718,598,1023,1023,-1
3020,0,0,8059,0,100,0,718,598,1023,1023,-1
3021,0,0,8059,0,100,0,718,598,1023,1023,-1
3021,0,0,8059,0,100,0,718,598,1023,1023,-1
3022,0,0,8059,0,100,0,718,598,1023,1023,-1
3023,0,0,8059,0,100,0,719,598,1023,1023,-1
3024,0,0,8059,0,100,0,719,598,1023,1023,-1
3024,0,0,8059,0,100,0,719,598,1023,1023,-1
3052,0,0,8059,0,100,0,719,597,1023,1023,-1
3052,0,0,8059,0,100,0,719,597,1023,1023,-1
3053,0,0,8059,0,100,0,718,597,1023,1023,-1
3054,0,0,8059,0,100,0,718,597,1023,1023,-1
3055,0,0,8059,0,100,0,719,597,1023,1023,-1
3055,0,0,8059,0,100,0,719,597,1023,1023,-1
3056,0,0,8059,0,100,0,719,597,1023,1023,-1
3057,0,0,8059,0,100,0,719,597,1023,1023,-1
3057,0,0,8059,0,100,0,719,597,1023,1023,-1
3058,0,0,8059,0,100,0,719,597,1023,1023,-1
3059,0,0,8059,0,100,0,719,597,1023,1023,-1
3060,0,0,8059,0,100,0,719,597,1023,1023,-1
3060,0,0,8059,0,100,0,719,597,1023,1023,-1
3061,0,0,8073,0,100,0,718,597,1023,1023,-1
3062,0,0,8073,0,100,0,718,597,1023,1023,-1
3063,0,0,8073,0,100,0,718,597,1023,1023,-1
3063,0,0,8073,0,100,0,718,597,1023,1023,-1
3089,0,0,8059,0,100,0,719,596,1023,1023,-1
3090,0,0,8059,0,100,0,719,596,1023,1023,-1
3090,0,0,8059,0,100,0,719,595,1023,1023,-1
3091,0,0,8059,0,100,0,719,595,1023,1023,-1
3092,0,0,8059,0,100,0,719,595,1023,1023,-1
3093,0,0,8059,0,100,0,719,595,1023,1023,-1
3093,0,0,8059,0,100,0,719,595,1023,1023,-1
3094,0,0,8059,0,100,0,719,595,1023,1023,-1
3095,0,0,8059,0,100,0,718,595,1023,1023,-1
3096,0,0,8059,0,100,0,718,595,1023,1023,-1
3096,0,0,8059,0,100,0,718,595,1023,1023,-1
3097,0,0,8059,0,100,0,719,595,1023,1023,-1
3098,0,0,8059,0,100,0,719,595,1023,1023,-1
3099,0,0,8059,0,100,0,719,595,1023,1023,-1
3128,0,0,8059,0,100,0,718,597,1023,1023,-1
3129,0,0,8059,0,100,0,718,597,1023,1023,-1
3130,0,0,8059,0,100,0,718,597,1023,1023,-1
3131,0,0,8045,0,100,0,718,597,1023,1023,-1
3131,0,0,8045,0,100,0,718,597,1023,1023,-1
3132,0,0,8045,0,100,0,718,597,1023,1023,-1
3133,0,0,8045,0,100,0,719,597,1023,1023,-1
3134,0,0,8045,0,100,0,719,597,1023,1023,-1
3134,0,0,8045,0,100,0,719,597,1023,1023,-1
3135,0,0,8045,0,100,0,719,597,1023,1023,-1
3136,0,0,8045,0,100,0,719,597,1023,1023,-1
3137,0,0,8045,0,100,0,718,598,1023,1023,-1
3137,0,0,8045,0,100,0,718,598,1023,1023,-1
3138,0,0,8045,0,100,0,718,598,1023,1023,-1
3139,0,0,8045,0,100,0,719,598,1023,1023,-1
3164,0,0,8059,0,100,0,719,597,1023,1023,-1
3165,0,0,8059,0,100,0,719,597,1023,1023,-1
3166,0,0,8059,0,100,0,719,597,1023,1023,-1
3166,0,0,8059,0,100,0,719,597,1023,1023,-1
3167,0,0,8059,0,100,0,719,597,1023,1023,-1
3168,0,0,8059,0,100,0,719,597,1023,1023,-1
3169,0,0,8059,0,100,0,718,597,1023,1023,-1
3169,0,0,8059,0,100,0,718,597,1023,1023,-1
3170,0,0,8059,0,100,0,718,597,1023,1023,-1
3171,0,0,8059,0,100,0,718,597,1023,1023,-1
3172,0,0,8059,0,100,0,718,597,1023,1023,-1
3172,0,0,8059,0,100,0,718,597,1023,1023,-1
3173,0,0,8059,0,100,0,718,597,1023,1023,-1
3174,0,0,8059,0,100,0,718,597,1023,1023,-1
3204,0,0,8045,0,100,0,718,596,1023,1023,-1
3205,0,0,8045,0,100,0,718,596,1023,1023,-1
3206,0,0,8045,0,100,0,718,596,1023,1023,-1
3207,0,0,8045,0,100,0,718,596,1023,1023,-1
3207,0,0,8045,0,100,0,718,596,1023,1023,-1
3208,0,0,8045,0,100,0,718,596,1023,1023,-1
3209,0,0,8045,0,100,0,719,596,1023,1023,-1
3210,0,0,8045,0,100,0,719,596,1023,1023,-1
3210,0,0,8045,0,100,0,719,596,1023,1023,-1
3211,0,0,8059,0,100,0,718,596,1023,1023,-1
3212,0,0,8059,0,100,0,718,596,1023,1023,-1
3213,0,0,8059,0,100,0,718,596,1023,1023,-1
3213,0,0,8059,0,100,0,718,596,1023,1023,-1
3214,0,0,8059,0,100,0,718,596,1023,1023,-1
3215,0,0,8059,0,100,0,718,596,1023,1023,-1
3239,0,0,8059,0,100,0,718,596,1023,1023,-1
3240,0,0,8059,0,100,0,718,596,1023,1023,-1
3241,0,0,8059,0,100,0,719,596,1023,1023,-1
3241,0,0,8059,0,100,0,719,596,1023,1023,-1
3242,0,0,8059,0,100,0,719,596,1023,1023,-1
3243,0,0,8059,0,100,0,719,596,1023,1023,-1
3244,0,0,8059,0,100,0,719,596,1023,1023,-1
3244,0,0,8059,0,100,0,719,596,1023,1023,-1
3245,0,0,8059,0,100,0,718,596,1023,1023,-1
3246,0,0,8059,0,100,0,718,596,1023,1023,-1
3247,0,0,8059,0,100,0,718,597,1023,1023,-1
3247,0,0,8059,0,100,0,718,597,1023,1023,-1
3248,0,0,8059,0,100,0,718,597,1023,1023,-1
3249,0,0,8059,0,100,0,718,597,1023,1023,-1
3250,0,0,8059,0,100,0,718,597,1023,1023,-1
3281,0,0,8059,0,100,0,718,598,1023,1023,-1
3281,0,0,8059,0,100,0,718,598,1023,1023,-1
3282,0,0,8059,0,100,0,718,598,1023,1023,-1
3283,0,0,8059,0,100,0,719,597,1023,1023,-1
3284,0,0,8059,0,100,0,719,597,1023,1023,-1
3284,0,0,8059,0,100,0,719,597,1023,1023,-1
3285,0,0,8059,0,100,0,719,597,1023,1023,-1
3286,0,0,8059,0,100,0,719,597,1023,1023,-1
3286,0,0,8059,0,100,0,719,597,1023,1023,-1
3287,0,0,8059,0,100,0,717,598,1023,1023,-1
3288,0,0,8059,0,100,0,717,598,1023,1023,-1
3289,0,0,8059,0,100,0,718,597,1023,1023,-1
3289,0,0,8059,0,100,0,718,597,1023,1023,-1
3290,0,0,8059,0,100,0,718,597,1023,1023,-1
3291,0,0,8073,0,100,0,718,597,1023,1023,-1
3314,0,0,8059,0,100,0,718,596,1023,1023,-1
3315,0,0,8059,0,100,0,718,596,1023,1023,-1
3315,0,0,8059,0,100,0,718,596,1023,1023,-1
3316,0,0,8059,0,100,0,718,596,1023,1023,-1
3317,0,0,8059,0,100,0,719,596,1023,1023,-1
3318,0,0,8059,0,100,0,719,596,1023,1023,-1
3318,0,0,8059,0,100,0,719,596,1023,1023,-1
3319,0,0,8059,0,100,0,718,596,1023,1023,-1
3320,0,0,8059,0,100,0,718,596,1023,1023,-1
3321,0,0,8045,0,100,0,718,596,1023,1023,-1
3321,0,0,8045,0,100,0,718,596,1023,1023,-1
3322,0,0,8045,0,100,0,718,596,1023,1023,-1
3323,0,0,8045,0,100,0,718,596,1023,1023,-1
3323,0,0,8045,0,100,0,718,596,1023,1023,-1
3324,0,0,8045,0,100,0,718,596,1023,1023,-1
3343,0,0,8045,0,100,0,719,595,1023,1023,-1
3343,0,0,8045,0,100,0,719,595,1023,1023,-1
3344,0,0,8045,0,100,0,719,595,1023,1023,-1
3345,0,0,8045,0,100,0,719,595,1023,1023,-1
3346,0,0,8045,0,100,0,719,595,1023,1023,-1
3346,0,0,8045,0,100,0,719,595,1023,1023,-1
3347,0,0,8045,0,100,0,719,595,1023,1023,-1
3348,0,0,8045,0,100,0,719,595,1023,1023,-1
3349,0,0,8045,0,100,0,719,595,1023,1023,-1
3349,0,0,8045,0,100,0,719,595,1023,1023,-1
3350,0,0,8045,0,100,0,719,595,1023,1023,-1
3351,0,0,8045,0,100,0,719,595,1023,1023,-1
3351,0,0,8045,0,100,0,719,595,1023,1023,-1
3352,0,0,8045,0,100,0,719,595,1023,1023,-1
3353,0,0,8045,0,100,0,718,596,1023,1023,-1
3354,0,0,8045,0,100,0,718,596,1023,1023,-1
3372,0,0,8045,0,100,0,718,597,1023,1023,-1
3373,0,0,8045,0,100,0,719,597,1023,1023,-1
3374,0,0,8045,0,100,0,719,597,1023,1023,-1
3374,0,0,8045,0,100,0,719,597,1023,1023,-1
3375,0,0,8045,0,100,0,719,597,1023,1023,-1
3376,0,0,8045,0,100,0,719,597,1023,1023,-1
3377,0,0,8045,0,100,0,719,597,1023,1023,-1
3377,0,0,8045,0,100,0,719,597,1023,1023,-1
3378,0,0,8045,0,100,0,719,597,1023,1023,-1
3379,0,0,8045,0,100,0,719,597,1023,1023,-1
3380,0,0,8045,0,100,0,719,597,1023,1023,-1
3380,0,0,8045,0,100,0,719,597,1023,1023,-1
3381,0,0,8059,0,100,0,719,597,1023,1023,-1
3382,0,0,8059,0,100,0,719,597,1023,1023,-1
3383,0,0,8059,0,100,0,718,597,1023,1023,-1
3406,0,0,8045,0,100,0,718,597,1023,1023,-1
3407,0,0,8045,0,100,0,718,596,1023,1023,-1
3407,0,0,8045,0,100,0,718,596,1023,1023,-1
3408,0,0,8045,0,100,0,718,596,1023,1023,-1
3409,0,0,8045,0,100,0,719,597,1023,1023,-1
3410,0,0,8045,0,100,0,719,597,1023,1023,-1
3410,0,0,8045,0,100,0,719,597,1023,1023,-1
3411,0,0,8073,0,100,0,719,597,1023,1023,-1
3412,0,0,8073,0,100,0,719,597,1023,1023,-1
3413,0,0,8073,0,100,0,718,597,1023,1023,-1
3413,0,0,8073,0,100,0,718,597,1023,1023,-1
3414,0,0,8073,0,100,0,718,597,1023,1023,-1
3415,0,0,8073,0,100,0,718,597,1023,1023,-1
3434,0,0,8045,0,100,0,719,597,1023,1023,-1
3435,0,0,8045,0,100,0,719,597,1023,1023,-1
3435,0,0,8045,0,100,0,719,597,1023,1023,-1
3436,0,0,8045,0,100,0,719,597,1023,1023,-1
3437,0,0,8045,0,100,0,718,596,1023,1023,-1
3437,0,0,8045,0,100,0,718,596,1023,1023,-1
3438,0,0,8045,0,100,0,718,596,1023,1023,-1
3439,0,0,8045,0,100,0,718,596,1023,1023,-1
3440,0,0,8045,0,100,0,718,596,1023,1023,-1
3440,0,0,8045,0,100,0,718,596,1023,1023,-1
3441,0,0,8073,0,100,0,718,596,1023,1023,-1
3442,0,0,8073,0,100,0,718,596,1023,1023,-1
3443,0,0,8073,0,100,0,719,595,1023,1023,-1
3443,0,0,8073,0,100,0,719,595,1023,1023,-1
3444,0,0,8073,0,100,0,719,595,1023,1023,-1
3445,0,0,8073,0,100,0,718,595,1023,1023,-1
3472,0,0,8059,0,100,0,718,593,1023,1023,-1
3473,0,0,8059,0,100,0,719,593,1023,1023,-1
3473,0,0,8059,0,100,0,719,593,1023,1023,-1
3474,0,0,8059,0,100,0,719,593,1023,1023,-1
3475,0,0,8059,0,100,0,719,593,1023,1023,-1
3476,0,0,8059,0,100,0,719,593,1023,1023,-1
3476,0,0,8059,0,100,0,719,593,1023,1023,-1
3477,0,0,8059,0,100,0,718,593,1023,1023,-1
3478,0,0,8059,0,100,0,718,593,1023,1023,-1
3478,0,0,8059,0,100,0,718,593,1023,1023,-1
3479,0,0,8059,0,100,0,718,593,1023,1023,-1
3480,0,0,8059,0,100,0,718,593,1023,1023,-1
3481,0,0,8059,0,100,0,719,593,1023,1023,-1
3481,0,0,8059,0,100,0,719,593,1023,1023,-1
3482,0,0,8059,0,100,0,719,593,1023,1023,-1
3502,0,0,8059,0,100,0,719,593,1023,1023,-1
3503,0,0,8059,0,100,0,719,593,1023,1023,-1
3503,0,0,8059,0,100,0,719,593,1023,1023,-1
3504,0,0,8059,0,100,0,719,593,1023,1023,-1
3505,0,0,8059,0,100,0,719,593,1023,1023,-1
3506,0,0,8059,0,100,0,719,593,1023,1023,-1
3506,0,0,8059,0,100,0,719,593,1023,1023,-1
3507,0,0,8059,0,100,0,719,593,1023,1023,-1
3508,0,0,8059,0,100,0,719,593,1023,1023,-1
3508,0,0,8059,0,100,0,719,593,1023,1023,-1
3509,0,0,8059,0,100,0,719,593,1023,1023,-1
3510,0,0,8059,0,100,0,719,593,1023,1023,-1
3511,0,0,8045,0,100,0,719,593,1023,1023,-1
3511,0,0,8045,0,100,0,719,593,1023,1023,-1
3512,0,0,8045,0,100,0,719,593,1023,1023,-1
3539,0,0,8045,0,100,0,719,595,1023,1023,-1
3540,0,0,8045,0,100,0,719,595,1023,1023,-1
3540,0,0,8045,0,100,0,719,595,1023,1023,-1
3541,0,0,8045,0,100,0,719,596,1023,1023,-1
3542,0,0,8045,0,100,0,719,596,1023,1023,-1
3543,0,0,8045,0,100,0,719,597,1023,1023,-1
3543,0,0,8045,0,100,0,719,597,1023,1023,-1
3544,0,0,8045,0,100,0,719,597,1023,1023,-1
3545,0,0,8045,0,100,0,719,597,1023,1023,-1
3546,0,0,8045,0,100,0,719,597,1023,1023,-1
3546,0,0,8045,0,100,0,719,597,1023,1023,-1
3547,0,0,8045,0,100,0,719,597,1023,1023,-1
3548,0,0,8045,0,100,0,719,597,1023,1023,-1
3548,0,0,8045,0,100,0,719,597,1023,1023,-1
3549,0,0,8045,0,100,0,719,598,1023,1023,-1
3571,0,0,8045,0,100,0,719,601,1023,1023,-1
3572,0,0,8045,0,100,0,719,601,1023,1023,-1
3573,0,0,8045,0,100,0,719,602,1023,1023,-1
3573,0,0,8045,0,100,0,719,602,1023,1023,-1
3574,0,0,8045,0,100,0,719,602,1023,1023,-1
3575,0,0,8045,0,100,0,719,602,1023,1023,-1
3576,0,0,8045,0,100,0,719,602,1023,1023,-1
3576,0,0,8045,0,100,0,719,602,1023,1023,-1
3577,0,0,8045,0,100,0,719,603,1023,1023,-1
3578,0,0,8045,0,100,0,719,603,1023,1023,-1
3579,0,0,8045,0,100,0,719,604,1023,1023,-1
3579,0,0,8045,0,100,0,719,604,1023,1023,-1
3580,0,0,8045,0,100,0,719,604,1023,1023,-1
3581,0,0,8045,0,100,0,719,604,1023,1023,-1
3598,0,0,8059,0,100,0,718,605,1023,1023,-1
3599,0,0,8059,0,100,0,718,605,1023,1023,-1
3600,0,0,8059,0,100,0,718,605,1023,1023,-1
3600,0,0,8059,0,100,0,718,605,1023,1023,-1
3601,0,0,8045,0,100,0,719,605,1023,1023,-1
3602,0,0,8045,0,100,0,719,605,1023,1023,-1
3603,0,0,8045,0,100,0,718,605,1023,1023,-1
3603,0,0,8045,0,100,0,718,605,1023,1023,-1
3604,0,0,8045,0,100,0,718,605,1023,1023,-1
3605,0,0,8045,0,100,0,718,605,1023,1023,-1
3606,0,0,8045,0,100,0,718,605,1023,1023,-1
3606,0,0,8045,0,100,0,718,605,1023,1023,-1
3607,0,0,8045,0,100,0,718,605,1023,1023,-1
3608,0,0,8045,0,100,0,718,605,1023,1023,-1
3609,0,0,8045,0,100,0,719,604,1023,1023,-1
3609,0,0,8045,0,100,0,719,604,1023,1023,-1
3632,0,0,8059,0,100,0,719,603,1023,1023,-1
3633,0,0,8059,0,100,0,719,603,1023,1023,-1
3633,0,0,8059,0,100,0,719,603,1023,1023,-1
3634,0,0,8059,0,100,0,719,603,1023,1023,-1
3635,0,0,8059,0,100,0,719,603,1023,1023,-1
3636,0,0,8059,0,100,0,719,603,1023,1023,-1
3636,0,0,8059,0,100,0,719,603,1023,1023,-1
3637,0,0,8059,0,100,0,718,602,1023,1023,-1
3638,0,0,8059,0,100,0,718,602,1023,1023,-1
3638,0,0,8059,0,100,0,718,602,1023,1023,-1
3639,0,0,8059,0,100,0,718,602,1023,1023,-1
3640,0,0,8059,0,100,0,718,602,1023,1023,-1
3641,0,0,8059,0,100,0,718,602,1023,1023,-1
3641,0,0,8059,0,100,0,718,602,1023,1023,-1
3642,0,0,8059,0,100,0,718,602,1023,1023,-1
3674,0,0,8059,0,100,0,718,601,1023,1023,-1
3675,0,0,8059,0,100,0,719,601,1023,1023,-1
3676,0,0,8059,0,100,0,719,601,1023,1023,-1
3677,0,0,8059,0,100,0,719,601,1023,1023,-1
3677,0,0,8059,0,100,0,719,601,1023,1023,-1
3678,0,0,8059,0,100,0,719,601,1023,1023,-1
3679,0,0,8059,0,100,0,718,602,1023,1023,-1
3680,0,0,8059,0,100,0,718,602,1023,1023,-1
3680,0,0,8059,0,100,0,718,602,1023,1023,-1
3681,0,0,8059,0,100,0,717,601,1023,1023,-1
3682,0,0,8059,0,100,0,717,601,1023,1023,-1
3683,0,0,8059,0,100,0,717,601,1023,1023,-1
3683,0,0,8059,0,100,0,717,601,1023,1023,-1
3684,0,0,8059,0,100,0,717,601,1023,1023,-1
3685,0,0,8059,0,100,0,718,601,1023,1023,-1
3712,0,0,8059,0,100,0,717,600,1023,1023,-1
3713,0,0,8059,0,100,0,718,599,1023,1023,-1
3714,0,0,8059,0,100,0,718,599,1023,1023,-1
3714,0,0,8059,0,100,0,718,599,1023,1023,-1
3715,0,0,8059,0,100,0,718,599,1023,1023,-1
3716,0,0,8059,0,100,0,718,599,1023,1023,-1
3716,0,0,8059,0,100,0,718,599,1023,1023,-1
3717,0,0,8059,0,100,0,718,598,1023,1023,-1
3718,0,0,8059,0,100,0,718,598,1023,1023,-1
3719,0,0,8059,0,100,0,717,598,1023,1023,-1
3719,0,0,8059,0,100,0,717,598,1023,1023,-1
3720,0,0,8059,0,100,0,717,598,1023,1023,-1
3721,0,0,8059,0,100,0,717,598,1023,1023,-1
3722,0,0,8059,0,100,0,717,598,1023,1023,-1
3753,0,0,8059,0,100,0,718,593,1023,1023,-1
3753,0,0,8059,0,100,0,718,593,1023,1023,-1
3754,0,0,8059,0,100,0,718,593,1023,1023,-1
3755,0,0,8059,0,100,0,718,594,1023,1023,-1
3756,0,0,8059,0,100,0,718,594,1023,1023,-1
3756,0,0,8059,0,100,0,718,594,1023,1023,-1
3757,0,0,8059,0,100,0,718,594,1023,1023,-1
3758,0,0,8059,0,100,0,718,594,1023,1023,-1
3759,0,0,8059,0,100,0,719,594,1023,1023,-1
3759,0,0,8059,0,100,0,719,594,1023,1023,-1
3760,0,0,8059,0,100,0,719,594,1023,1023,-1
3761,0,0,8059,0,100,0,717,593,1023,1023,-1
3762,0,0,8059,0,100,0,717,593,1023,1023,-1
3762,0,0,8059,0,100,0,717,593,1023,1023,-1
3763,0,0,8059,0,100,0,717,593,1023,1023,-1
3764,0,0,8059,0,100,0,717,593,1023,1023,-1
3788,0,0,8059,0,100,0,718,594,1023,1023,-1
3789,0,0,8059,0,100,0,718,593,1023,1023,-1
3790,0,0,8059,0,100,0,718,593,1023,1023,-1
3790,0,0,8059,0,100,0,718,593,1023,1023,-1
3791,0,0,8073,0,100,0,719,593,1023,1023,-1
3792,0,0,8073,0,100,0,719,593,1023,1023,-1
3792,0,0,8073,0,100,0,719,593,1023,1023,-1
3793,0,0,8073,0,100,0,719,593,1023,1023,-1
3794,0,0,8073,0,100,0,719,593,1023,1023,-1
3795,0,0,8073,0,100,0,718,594,1023,1023,-1
3795,0,0,8073,0,100,0,718,594,1023,1023,-1
3796,0,0,8073,0,100,0,718,594,1023,1023,-1
3797,0,0,8073,0,100,0,718,594,1023,1023,-1
3798,0,0,8073,0,100,0,718,594,1023,1023,-1
3798,0,0,8073,0,100,0,718,594,1023,1023,-1
3828,0,0,8045,0,100,0,718,593,1023,1023,-1
3829,0,0,8045,0,100,0,718,593,1023,1023,-1
3830,0,0,8045,0,100,0,718,593,1023,1023,-1
3830,0,0,8045,0,100,0,718,593,1023,1023,-1
3831,0,0,8059,0,100,0,718,593,1023,1023,-1
3832,0,0,8059,0,100,0,718,593,1023,1023,-1
3833,0,0,8059,0,100,0,718,593,1023,1023,-1
3833,0,0,8059,0,100,0,718,593,1023,1023,-1
3834,0,0,8059,0,100,0,718,593,1023,1023,-1
3835,0,0,8059,0,100,0,718,593,1023,1023,-1
3836,0,0,8059,0,100,0,718,593,1023,1023,-1
3836,0,0,8059,0,100,0,718,593,1023,1023,-1
3837,0,0,8059,0,100,0,718,593,1023,1023,-1
3838,0,0,8059,0,100,0,718,593,1023,1023,-1
3839,0,0,8059,0,100,0,718,593,1023,1023,-1
3863,0,0,8073,0,100,0,718,593,1023,1023,-1
3864,0,0,8073,0,100,0,718,593,1023,1023,-1
3864,0,0,8073,0,100,0,718,593,1023,1023,-1
3865,0,0,8073,0,100,0,718,594,1023,1023,-1
3866,0,0,8073,0,100,0,718,594,1023,1023,-1
3867,0,0,8073,0,100,0,718,594,1023,1023,-1
3867,0,0,8073,0,100,0,718,594,1023,1023,-1
3868,0,0,8073,0,100,0,718,594,1023,1023,-1
3869,0,0,8073,0,100,0,718,594,1023,1023,-1
3869,0,0,8073,0,100,0,718,594,1023,1023,-1
3870,0,0,8073,0,100,0,718,594,1023,1023,-1
3871,0,0,8059,0,100,0,719,594,1023,1023,-1
3872,0,0,8059,0,100,0,719,594,1023,1023,-1
3872,0,0,8059,0,100,0,719,594,1023,1023,-1
3903,0,0,8073,0,100,0,719,597,1023,1023,-1
3904,0,0,8073,0,100,0,719,597,1023,1023,-1
3905,0,0,8073,0,100,0,718,597,1023,1023,-1
3906,0,0,8073,0,100,0,718,597,1023,1023,-1
3906,0,0,8073,0,100,0,718,597,1023,1023,-1
3907,0,0,8073,0,100,0,718,598,1023,1023,-1
3908,0,0,8073,0,100,0,718,598,1023,1023,-1
3909,0,0,8073,0,100,0,718,598,1023,1023,-1
3909,0,0,8073,0,100,0,718,598,1023,1023,-1
3910,0,0,8073,0,100,0,718,598,1023,1023,-1
3911,0,0,8059,0,100,0,718,597,1023,1023,-1
3912,0,0,8059,0,100,0,718,597,1023,1023,-1
3912,0,0,8059,0,100,0,718,597,1023,1023,-1
3913,0,0,8059,0,100,0,718,597,1023,1023,-1
3914,0,0,8059,0,100,0,718,597,1023,1023,-1
3938,0,0,8059,0,100,0,718,597,1023,1023,-1
3939,0,0,8059,0,100,0,718,597,1023,1023,-1
3939,0,0,8059,0,100,0,718,597,1023,1023,-1
3940,0,0,8059,0,100,0,718,597,1023,1023,-1
3941,0,0,8073,0,100,0,718,597,1023,1023,-1
3942,0,0,8073,0,100,0,718,597,1023,1023,-1
3942,0,0,8073,0,100,0,718,597,1023,1023,-1
3943,0,0,8073,0,100,0,718,597,1023,1023,-1
3944,0,0,8073,0,100,0,718,597,1023,1023,-1
3945,0,0,8073,0,100,0,718,597,1023,1023,-1
3945,0,0,8073,0,100,0,718,597,1023,1023,-1
3946,0,0,8073,0,100,0,718,597,1023,1023,-1
3947,0,0,8073,0,100,0,718,596,1023,1023,-1
3948,0,0,8073,0,100,0,718,596,1023,1023,-1
3948,0,0,8073,0,100,0,718,596,1023,1023,-1
3972,0,0,8045,0,100,0,718,595,1023,1023,-1
3972,0,0,8045,0,100,0,718,595,1023,1023,-1
3973,0,0,8045,0,100,0,718,596,1023,1023,-1
3974,0,0,8045,0,100,0,718,596,1023,1023,-1
3975,0,0,8045,0,100,0,719,596,1023,1023,-1
3975,0,0,8045,0,100,0,719,596,1023,1023,-1
3976,0,0,8045,0,100,0,719,596,1023,1023,-1
3977,0,0,8045,0,100,0,719,596,1023,1023,-1
3978,0,0,8045,0,100,0,719,596,1023,1023,-1
3978,0,0,8045,0,100,0,719,596,1023,1023,-1
3979,0,0,8045,0,100,0,718,597,1023,1023,-1
3980,0,0,8045,0,100,0,718,597,1023,1023,-1
3980,0,0,8045,0,100,0,718,597,1023,1023,-1
3981,0,0,8045,0,100,0,718,597,1023,1023,-1
3982,0,0,8045,0,100,0,718,597,1023,1023,-1
4005,0,0,8059,0,100,0,718,596,1023,1023,-1
4006,0,0,8059,0,100,0,718,596,1023,1023,-1
4007,0,0,8059,0,100,0,718,596,1023,1023,-1
4007,0,0,8059,0,100,0,718,596,1023,1023,-1
4008,0,0,8059,0,100,0,718,596,1023,1023,-1
4009,0,0,8059,0,100,0,719,597,1023,1023,-1
4010,0,0,8059,0,100,0,719,597,1023,1023,-1
4010,0,0,8059,0,100,0,719,597,1023,1023,-1
4011,0,0,8059,0,100,0,718,597,1023,1023,-1
4012,0,0,8059,0,100,0,718,597,1023,1023,-1
4013,0,0,8059,0,100,0,718,597,1023,1023,-1
4013,0,0,8059,0,100,0,718,597,1023,1023,-1
4014,0,0,8059,0,100,0,718,597,1023,1023,-1
4015,0,0,8059,0,100,0,718,597,1023,1023,-1
4032,0,0,8059,0,100,0,718,595,1023,1023,-1
4033,0,0,8059,0,100,0,718,596,1023,1023,-1
4034,0,0,8059,0,100,0,718,596,1023,1023,-1
4035,0,0,8059,0,100,0,718,596,1023,1023,-1
4035,0,0,8059,0,100,0,718,596,1023,1023,-1
4036,0,0,8059,0,100,0,718,596,1023,1023,-1
4037,0,0,8059,0,100,0,718,596,1023,1023,-1
4037,0,0,8059,0,100,0,718,596,1023,1023,-1
4038,0,0,8059,0,100,0,718,596,1023,1023,-1
4039,0,0,8059,0,100,0,718,596,1023,1023,-1
4040,0,0,8059,0,100,0,718,596,1023,1023,-1
4040,0,0,8059,0,100,0,718,596,1023,1023,-1
4041,0,0,8059,0,100,0,718,596,1023,1023,-1
4042,0,0,8059,0,100,0,718,596,1023,1023,-1
4043,0,0,8059,0,100,0,718,596,1023,1023,-1
4043,0,0,8059,0,100,0,718,596,1023,1023,-1
4065,0,0,8059,0,100,0,718,595,1023,1023,-1
4066,0,0,8059,0,100,0,718,595,1023,1023,-1
4067,0,0,8059,0,100,0,718,595,1023,1023,-1
4068,0,0,8059,0,100,0,718,595,1023,1023,-1
4068,0,0,8059,0,100,0,718,595,1023,1023,-1
4069,0,0,8059,0,100,0,718,596,1023,1023,-1
4070,0,0,8059,0,100,0,718,596,1023,1023,-1
4071,0,0,8059,0,100,0,719,595,1023,1023,-1
4071,0,0,8059,0,100,0,719,595,1023,1023,-1
4072,0,0,8059,0,100,0,719,595,1023,1023,-1
4073,0,0,8059,0,100,0,719,595,1023,1023,-1
4074,0,0,8059,0,100,0,719,595,1023,1023,-1
4074,0,0,8059,0,100,0,719,595,1023,1023,-1
4075,0,0,8059,0,100,0,718,596,1023,1023,-1
4076,0,0,8059,0,100,0,718,596,1023,1023,-1
4103,0,0,8059,0,100,0,719,597,1023,1023,-1
4103,0,0,8059,0,100,0,719,597,1023,1023,-1
4104,0,0,8059,0,100,0,719,597,1023,1023,-1
4105,0,0,8059,0,100,0,719,597,1023,1023,-1
4106,0,0,8059,0,100,0,719,597,1023,1023,-1
4106,0,0,8059,0,100,0,719,597,1023,1023,-1
4107,0,0,8059,0,100,0,718,598,1023,1023,-1
4108,0,0,8059,0,100,0,718,598,1023,1023,-1
4108,0,0,8059,0,100,0,719,598,1023,1023,-1
4109,0,0,8059,0,100,0,719,598,1023,1023,-1
4110,0,0,8059,0,100,0,719,598,1023,1023,-1
4111,0,0,8045,0,100,0,719,597,1023,1023,-1
4111,0,0,8045,0,100,0,719,597,1023,1023,-1
4112,0,0,8045,0,100,0,719,597,1023,1023,-1
4131,0,0,8045,0,100,0,718,599,1023,1023,-1
4131,0,0,8045,0,100,0,718,599,1023,1023,-1
4132,0,0,8045,0,100,0,718,599,1023,1023,-1
4133,0,0,8045,0,100,0,719,599,1023,1023,-1
4134,0,0,8045,0,100,0,719,599,1023,1023,-1
4134,0,0,8045,0,100,0,719,599,1023,1023,-1
4135,0,0,8045,0,100,0,719,599,1023,1023,-1
4136,0,0,8045,0,100,0,719,599,1023,1023,-1
4137,0,0,8045,0,100,0,718,599,1023,1023,-1
4137,0,0,8045,0,100,0,718,599,1023,1023,-1
4138,0,0,8045,0,100,0,718,599,1023,1023,-1
4139,0,0,8045,0,100,0,718,599,1023,1023,-1
4139,0,0,8045,0,100,0,718,599,1023,1023,-1
4140,0,0,8045,0,100,0,718,599,1023,1023,-1
4141,0,0,8045,0,100,0,718,599,1023,1023,-1
4172,0,0,8059,0,100,0,718,600,1023,1023,-1
4172,0,0,8059,0,100,0,718,600,1023,1023,-1
4173,0,0,8059,0,100,0,718,601,1023,1023,-1
4174,0,0,8059,0,100,0,718,601,1023,1023,-1
4175,0,0,8059,0,100,0,719,601,1023,1023,-1
4175,0,0,8059,0,100,0,719,601,1023,1023,-1
4176,0,0,8059,0,100,0,719,601,1023,1023,-1
4177,0,0,8059,0,100,0,719,601,1023,1023,-1
4178,0,0,8059,0,100,0,719,601,1023,1023,-1
4178,0,0,8059,0,100,0,719,601,1023,1023,-1
4179,0,0,8059,0,100,0,718,600,1023,1023,-1
4180,0,0,8059,0,100,0,718,600,1023,1023,-1
4181,0,0,8059,0,100,0,718,601,1023,1023,-1
4181,0,0,8059,0,100,0,718,601,1023,1023,-1
4182,0,0,8059,0,100,0,718,601,1023,1023,-1
4201,0,0,8045,0,100,0,719,599,1023,1023,-1
4202,0,0,8045,0,100,0,719,599,1023,1023,-1
4203,0,0,8045,0,100,0,718,600,1023,1023,-1
4204,0,0,8045,0,100,0,718,600,1023,1023,-1
4204,0,0,8045,0,100,0,718,600,1023,1023,-1
4205,0,0,8045,0,100,0,718,599,1023,1023,-1
4206,0,0,8045,0,100,0,718,599,1023,1023,-1
4206,0,0,8045,0,100,0,718,599,1023,1023,-1
4207,0,0,8045,0,100,0,718,599,1023,1023,-1
4208,0,0,8045,0,100,0,718,599,1023,1023,-1
4209,0,0,8045,0,100,0,719,599,1023,1023,-1
4209,0,0,8045,0,100,0,719,599,1023,1023,-1
4210,0,0,8045,0,100,0,719,599,1023,1023,-1
4211,0,0,8059,0,100,0,718,599,1023,1023,-1
4212,0,0,8059,0,100,0,718,599,1023,1023,-1
4229,0,0,8045,0,100,0,718,599,1023,1023,-1
4229,0,0,8045,0,100,0,718,599,1023,1023,-1
4230,0,0,8045,0,100,0,718,599,1023,1023,-1
4231,0,0,8045,0,100,0,718,599,1023,1023,-1
4232,0,0,8045,0,100,0,718,599,1023,1023,-1
4232,0,0,8045,0,100,0,718,599,1023,1023,-1
4233,0,0,8045,0,100,0,718,599,1023,1023,-1
4234,0,0,8045,0,100,0,718,599,1023,1023,-1
4234,0,0,8045,0,100,0,718,599,1023,1023,-1
4235,0,0,8045,0,100,0,718,599,1023,1023,-1
4236,0,0,8045,0,100,0,718,599,1023,1023,-1
4237,0,0,8045,0,100,0,718,599,1023,1023,-1
4237,0,0,8045,0,100,0,718,599,1023,1023,-1
4238,0,0,8045,0,100,0,718,599,1023,1023,-1
4239,0,0,8045,0,100,0,718,599,1023,1023,-1
4240,0,0,8045,0,100,0,718,599,1023,1023,-1
4261,0,0,8045,0,100,0,718,599,1023,1023,-1
4261,0,0,8045,0,100,0,718,599,1023,1023,-1
4262,0,0,8045,0,100,0,718,599,1023,1023,-1
4263,0,0,8045,0,100,0,718,600,1023,1023,-1
4264,0,0,8045,0,100,0,718,600,1023,1023,-1
4264,0,0,8045,0,100,0,718,600,1023,1023,-1
4265,0,0,8045,0,100,0,717,599,1023,1023,-1
4266,0,0,8045,0,100,0,717,599,1023,1023,-1
4267,0,0,8045,0,100,0,717,599,1023,1023,-1
4267,0,0,8045,0,100,0,717,599,1023,1023,-1
4268,0,0,8045,0,100,0,717,599,1023,1023,-1
4269,0,0,8045,0,100,0,718,600,1023,1023,-1
4269,0,0,8045,0,100,0,718,600,1023,1023,-1
4270,0,0,8045,0,100,0,718,600,1023,1023,-1
4271,0,0,8073,0,100,0,718,599,1023,1023,-1
4305,0,0,8059,0,100,0,718,598,1023,1023,-1
4305,0,0,8059,0,100,0,718,598,1023,1023,-1
4306,0,0,8059,0,100,0,718,598,1023,1023,-1
4307,0,0,8059,0,100,0,717,598,1023,1023,-1
4307,0,0,8059,0,100,0,717,598,1023,1023,-1
4308,0,0,8059,0,100,0,717,598,1023,1023,-1
4309,0,0,8059,0,100,0,717,598,1023,1023,-1
4310,0,0,8059,0,100,0,717,598,1023,1023,-1
4310,0,0,8059,0,100,0,717,598,1023,1023,-1
4311,0,0,8045,0,100,0,717,598,1023,1023,-1
4312,0,0,8045,0,100,0,717,598,1023,1023,-1
4313,0,0,8045,0,100,0,718,597,1023,1023,-1
4313,0,0,8045,0,100,0,718,597,1023,1023,-1
4314,0,0,8045,0,100,0,718,597,1023,1023,-1
4315,0,0,8045,0,100,0,718,597,1023,1023,-1
4343,0,0,8059,0,100,0,717,596,1023,1023,-1
4344,0,0,8059,0,100,0,717,596,1023,1023,-1
4345,0,0,8059,0,100,0,717,596,1023,1023,-1
4346,0,0,8059,0,100,0,717,596,1023,1023,-1
4346,0,0,8059,0,100,0,717,596,1023,1023,-1
4347,0,0,8059,0,100,0,718,597,1023,1023,-1
4348,0,0,8059,0,100,0,718,597,1023,1023,-1
4349,0,0,8059,0,100,0,718,596,1023,1023,-1
4349,0,0,8059,0,100,0,718,596,1023,1023,-1
4350,0,0,8059,0,100,0,718,596,1023,1023,-1
4351,0,0,8059,0,100,0,718,596,1023,1023,-1
4351,0,0,8059,0,100,0,718,596,1023,1023,-1
4352,0,0,8059,0,100,0,718,596,1023,1023,-1
4353,0,0,8059,0,100,0,718,597,1023,1023,-1
4384,0,0,8059,0,100,0,717,597,1023,1023,-1
4385,0,0,8059,0,100,0,717,598,1023,1023,-1
4386,0,0,8059,0,100,0,717,598,1023,1023,-1
4386,0,0,8059,0,100,0,717,598,1023,1023,-1
4387,0,0,8059,0,100,0,718,598,1023,1023,-1
4388,0,0,8059,0,100,0,718,598,1023,1023,-1
4389,0,0,8059,0,100,0,718,598,1023,1023,-1
4389,0,0,8059,0,100,0,718,598,1023,1023,-1
4390,0,0,8059,0,100,0,718,598,1023,1023,-1
4391,0,0,8059,0,100,0,717,598,1023,1023,-1
4391,0,0,8059,0,100,0,717,598,1023,1023,-1
4392,0,0,8059,0,100,0,717,598,1023,1023,-1
4393,0,0,8059,0,100,0,718,599,1023,1023,-1
4394,0,0,8059,0,100,0,718,599,1023,1023,-1
4394,0,0,8059,0,100,0,718,599,1023,1023,-1
4395,0,0,8059,0,100,0,718,599,1023,1023,-1
4419,0,0,8073,0,100,0,718,599,1023,1023,-1
4420,0,0,8073,0,100,0,718,599,1023,1023,-1
4421,0,0,8059,0,100,0,717,599,1023,1023,-1
4421,0,0,8059,0,100,0,717,599,1023,1023,-1
4422,0,0,8059,0,100,0,717,599,1023,1023,-1
4423,0,0,8059,0,100,0,717,600,1023,1023,-1
4424,0,0,8059,0,100,0,717,600,1023,1023,-1
4424,0,0,8059,0,100,0,717,600,1023,1023,-1
4425,0,0,8059,0,100,0,717,600,1023,1023,-1
4426,0,0,8059,0,100,0,717,600,1023,1023,-1
4427,0,0,8059,0,100,0,717,599,1023,1023,-1
4427,0,0,8059,0,100,0,717,599,1023,1023,-1
4428,0,0,8059,0,100,0,717,599,1023,1023,-1
4429,0,0,8059,0,100,0,718,599,1023,1023,-1
4461,0,0,8059,0,100,0,717,595,1023,1023,-1
4462,0,0,8059,0,100,0,717,595,1023,1023,-1
4462,0,0,8059,0,100,0,717,595,1023,1023,-1
4463,0,0,8059,0,100,0,717,596,1023,1023,-1
4464,0,0,8059,0,100,0,717,596,1023,1023,-1
4465,0,0,8059,0,100,0,717,595,1023,1023,-1
4465,0,0,8059,0,100,0,717,595,1023,1023,-1
4466,0,0,8059,0,100,0,717,595,1023,1023,-1
4467,0,0,8059,0,100,0,717,595,1023,1023,-1
4468,0,0,8059,0,100,0,717,595,1023,1023,-1
4468,0,0,8059,0,100,0,717,595,1023,1023,-1
4469,0,0,8059,0,100,0,717,595,1023,1023,-1
4470,0,0,8059,0,100,0,717,595,1023,1023,-1
4471,0,0,8073,0,100,0,717,595,1023,1023,-1
4471,0,0,8073,0,100,0,717,595,1023,1023,-1
4472,0,0,8073,0,100,0,717,595,1023,1023,-1
4496,0,0,8059,0,100,0,717,595,1023,1023,-1
4497,0,0,8059,0,100,0,717,595,1023,1023,-1
4498,0,0,8059,0,100,0,717,595,1023,1023,-1
4498,0,0,8059,0,100,0,717,595,1023,1023,-1
4499,0,0,8059,0,100,0,717,594,1023,1023,-1
4500,0,0,8059,0,100,0,717,594,1023,1023,-1
4501,0,0,8059,0,100,0,718,595,1023,1023,-1
4501,0,0,8059,0,100,0,718,595,1023,1023,-1
4502,0,0,8059,0,100,0,718,595,1023,1023,-1
4503,0,0,8059,0,100,0,718,595,1023,1023,-1
4504,0,0,8059,0,100,0,718,595,1023,1023,-1
4504,0,0,8059,0,100,0,718,595,1023,1023,-1
4505,0,0,8059,0,100,0,718,595,1023,1023,-1
4506,0,0,8059,0,100,0,718,595,1023,1023,-1
4537,0,0,8059,0,100,0,717,598,1023,1023,-1
4537,0,0,8059,0,100,0,717,598,1023,1023,-1
4538,0,0,8059,0,100,0,717,598,1023,1023,-1
4539,0,0,8059,0,100,0,717,599,1023,1023,-1
4540,0,0,8059,0,100,0,717,599,1023,1023,-1
4540,0,0,8059,0,100,0,717,599,1023,1023,-1
4541,0,0,8059,0,100,0,717,599,1023,1023,-1
4542,0,0,8059,0,100,0,717,599,1023,1023,-1
4543,0,0,8059,0,100,0,718,599,1023,1023,-1
4543,0,0,8059,0,100,0,718,599,1023,1023,-1
4544,0,0,8059,0,100,0,718,599,1023,1023,-1
4545,0,0,8059,0,100,0,717,599,1023,1023,-1
4546,0,0,8059,0,100,0,717,599,1023,1023,-1
4546,0,0,8059,0,100,0,717,599,1023,1023,-1
4547,0,0,8059,0,100,0,717,599,1023,1023,-1
4571,0,0,8059,0,100,0,717,599,1023,1023,-1
4572,0,0,8059,0,100,0,717,599,1023,1023,-1
4573,0,0,8059,0,100,0,718,599,1023,1023,-1
4574,0,0,8059,0,100,0,718,599,1023,1023,-1
4574,0,0,8059,0,100,0,718,599,1023,1023,-1
4575,0,0,8059,0,100,0,719,598,1023,1023,-1
4576,0,0,8059,0,100,0,719,598,1023,1023,-1
4577,0,0,8059,0,100,0,717,598,1023,1023,-1
4577,0,0,8059,0,100,0,717,598,1023,1023,-1
4578,0,0,8059,0,100,0,717,598,1023,1023,-1
4579,0,0,8059,0,100,0,717,598,1023,1023,-1
4579,0,0,8059,0,100,0,717,598,1023,1023,-1
4580,0,0,8059,0,100,0,717,598,1023,1023,-1
4581,0,0,8059,0,100,0,717,598,1023,1023,-1
4582,0,0,8059,0,100,0,717,598,1023,1023,-1
4605,0,0,8045,0,100,0,718,595,1023,1023,-1
4606,0,0,8045,0,100,0,718,595,1023,1023,-1
4606,0,0,8045,0,100,0,718,595,1023,1023,-1
4607,0,0,8045,0,100,0,718,595,1023,1023,-1
4608,0,0,8045,0,100,0,718,595,1023,1023,-1
4609,0,0,8045,0,100,0,718,595,1023,1023,-1
4609,0,0,8045,0,100,0,718,595,1023,1023,-1
4610,0,0,8045,0,100,0,718,595,1023,1023,-1
4611,0,0,8045,0,100,0,717,595,1023,1023,-1
4612,0,0,8045,0,100,0,717,595,1023,1023,-1
4612,0,0,8045,0,100,0,717,595,1023,1023,-1
4613,0,0,8045,0,100,0,718,595,1023,1023,-1
4614,0,0,8045,0,100,0,718,595,1023,1023,-1
4614,0,0,8045,0,100,0,718,595,1023,1023,-1
4615,0,0,8045,0,100,0,718,595,1023,1023,-1
4616,0,0,8045,0,100,0,718,595,1023,1023,-1
4643,0,0,8059,0,100,0,717,595,1023,1023,-1
4643,0,0,8059,0,100,0,717,595,1023,1023,-1
4644,0,0,8059,0,100,0,717,595,1023,1023,-1
4645,0,0,8059,0,100,0,717,595,1023,1023,-1
4646,0,0,8059,0,100,0,717,595,1023,1023,-1
4646,0,0,8059,0,100,0,717,595,1023,1023,-1
4647,0,0,8059,0,100,0,717,596,1023,1023,-1
4648,0,0,8059,0,100,0,717,596,1023,1023,-1
4649,0,0,8059,0,100,0,718,597,1023,1023,-1
4649,0,0,8059,0,100,0,718,597,1023,1023,-1
4650,0,0,8059,0,100,0,718,597,1023,1023,-1
4651,0,0,8073,0,100,0,718,597,1023,1023,-1
4652,0,0,8073,0,100,0,718,597,1023,1023,-1
4652,0,0,8073,0,100,0,718,597,1023,1023,-1
4670,0,0,8073,0,100,0,718,598,1023,1023,-1
4671,0,0,8045,0,100,0,718,598,1023,1023,-1
4672,0,0,8045,0,100,0,718,598,1023,1023,-1
4672,0,0,8045,0,100,0,718,598,1023,1023,-1
4673,0,0,8045,0,100,0,717,598,1023,1023,-1
4674,0,0,8045,0,100,0,717,598,1023,1023,-1
4674,0,0,8045,0,100,0,717,598,1023,1023,-1
4675,0,0,8045,0,100,0,717,598,1023,1023,-1
4676,0,0,8045,0,100,0,717,598,1023,1023,-1
4677,0,0,8045,0,100,0,717,598,1023,1023,-1
4677,0,0,8045,0,100,0,717,598,1023,1023,-1
4678,0,0,8045,0,100,0,717,598,1023,1023,-1
4679,0,0,8045,0,100,0,717,598,1023,1023,-1
4680,0,0,8045,0,100,0,717,598,1023,1023,-1
4680,0,0,8045,0,100,0,717,598,1023,1023,-1
4681,0,0,8059,0,100,0,717,598,1023,1023,-1
4692,0,0,8059,0,100,0,718,598,1023,1023,-1
4693,0,0,8059,0,100,0,718,598,1023,1023,-1
4694,0,0,8059,0,100,0,718,598,1023,1023,-1
4694,0,0,8059,0,100,0,718,598,1023,1023,-1
4695,0,0,8059,0,100,0,717,598,1023,1023,-1
4696,0,0,8059,0,100,0,717,598,1023,1023,-1
4697,0,0,8059,0,100,0,717,598,1023,1023,-1
4697,0,0,8059,0,100,0,717,598,1023,1023,-1
4698,0,0,8059,0,100,0,717,598,1023,1023,-1
4699,0,0,8059,0,100,0,717,598,1023,1023,-1
4700,0,0,8059,0,100,0,717,598,1023,1023,-1
4700,0,0,8059,0,100,0,717,598,1023,1023,-1
4701,0,0,8045,0,100,0,718,598,1023,1023,-1
4702,0,0,8045,0,100,0,718,598,1023,1023,-1
4731,0,0,8059,0,100,0,717,594,1023,1023,-1
4732,0,0,8059,0,100,0,717,594,1023,1023,-1
4733,0,0,8059,0,100,0,718,593,1023,1023,-1
4734,0,0,8059,0,100,0,718,593,1023,1023,-1
4734,0,0,8059,0,100,0,718,593,1023,1023,-1
4735,0,0,8059,0,100,0,717,592,1023,1023,-1
4736,0,0,8059,0,100,0,717,592,1023,1023,-1
4737,0,0,8059,0,100,0,717,592,1023,1023,-1
4737,0,0,8059,0,100,0,717,592,1023,1023,-1
4738,0,0,8059,0,100,0,717,592,1023,1023,-1
4739,0,0,8059,0,100,0,717,592,1023,1023,-1
4740,0,0,8059,0,100,0,717,592,1023,1023,-1
4740,0,0,8059,0,100,0,717,592,1023,1023,-1
4741,0,0,8059,0,100,0,718,592,1023,1023,-1
4742,0,0,8059,0,100,0,718,592,1023,1023,-1
4760,0,0,8045,0,100,0,717,589,1023,1023,-1
4760,0,0,8045,0,100,0,717,589,1023,1023,-1
4761,0,0,8045,0,100,0,717,589,1023,1023,-1
4762,0,0,8045,0,100,0,717,589,1023,1023,-1
4762,0,0,8045,0,100,0,717,589,1023,1023,-1
4763,0,0,8045,0,100,0,718,588,1023,1023,-1
4764,0,0,8045,0,100,0,718,588,1023,1023,-1
4765,0,0,8045,0,100,0,717,587,1023,1023,-1
4765,0,0,8045,0,100,0,717,587,1023,1023,-1
4766,0,0,8045,0,100,0,717,587,1023,1023,-1
4767,0,0,8045,0,100,0,717,587,1023,1023,-1
4768,0,0,8045,0,100,0,717,587,1023,1023,-1
4768,0,0,8045,0,100,0,717,587,1023,1023,-1
4769,0,0,8045,0,100,0,717,587,1023,1023,-1
4770,0,0,8045,0,100,0,717,587,1023,1023,-1
4789,0,0,8059,0,100,0,718,586,1023,1023,-1
4790,0,0,8059,0,100,0,718,586,1023,1023,-1
4791,0,0,8059,0,100,0,718,586,1023,1023,-1
4792,0,0,8059,0,100,0,718,586,1023,1023,-1
4792,0,0,8059,0,100,0,718,586,1023,1023,-1
4793,0,0,8059,0,100,0,718,587,1023,1023,-1
4794,0,0,8059,0,100,0,718,587,1023,1023,-1
4795,0,0,8059,0,100,0,718,587,1023,1023,-1
4795,0,0,8059,0,100,0,718,587,1023,1023,-1
4796,0,0,8059,0,100,0,718,587,1023,1023,-1
4797,0,0,8059,0,100,0,718,587,1023,1023,-1
4797,0,0,8059,0,100,0,718,587,1023,1023,-1
4798,0,0,8059,0,100,0,718,587,1023,1023,-1
4799,0,0,8059,0,100,0,718,588,1023,1023,-1
4800,0,0,8059,0,100,0,718,588,1023,1023,-1
4826,0,0,8059,0,100,0,719,597,1023,1023,-1
4826,0,0,8059,0,100,0,719,597,1023,1023,-1
4827,0,0,8059,0,100,0,719,598,1023,1023,-1
4828,0,0,8059,0,100,0,719,598,1023,1023,-1
4829,0,0,8059,0,100,0,719,598,1023,1023,-1
4829,0,0,8059,0,100,0,719,598,1023,1023,-1
4830,0,0,8059,0,100,0,719,598,1023,1023,-1
4831,0,0,8059,0,100,0,718,598,1023,1023,-1
4832,0,0,8059,0,100,0,718,598,1023,1023,-1
4832,0,0,8059,0,100,0,718,598,1023,1023,-1
4833,0,0,8059,0,100,0,720,598,1023,1023,-1
4834,0,0,8059,0,100,0,720,598,1023,1023,-1
4834,0,0,8059,0,100,0,720,598,1023,1023,-1
4835,0,0,8059,0,100,0,720,598,1023,1023,-1
4836,0,0,8059,0,100,0,720,598,1023,1023,-1
4856,0,0,8045,0,100,0,719,603,1023,1023,-1
4857,0,0,8045,0,100,0,719,603,1023,1023,-1
4857,0,0,8045,0,100,0,719,603,1023,1023,-1
4858,0,0,8045,0,100,0,719,603,1023,1023,-1
4859,0,0,8045,0,100,0,719,603,1023,1023,-1
4860,0,0,8045,0,100,0,719,603,1023,1023,-1
4860,0,0,8045,0,100,0,719,603,1023,1023,-1
4861,0,0,8045,0,100,0,718,603,1023,1023,-1
4862,0,0,8045,0,100,0,718,603,1023,1023,-1
4862,0,0,8045,0,100,0,718,603,1023,1023,-1
4863,0,0,8045,0,100,0,719,604,1023,1023,-1
4864,0,0,8045,0,100,0,719,604,1023,1023,-1
4865,0,0,8045,0,100,0,719,604,1023,1023,-1
4865,0,0,8045,0,100,0,719,604,1023,1023,-1
4891,0,0,8059,0,100,0,718,604,1023,1023,-1
4892,0,0,8059,0,100,0,718,604,1023,1023,-1
4893,0,0,8059,0,100,0,718,604,1023,1023,-1
4894,0,0,8059,0,100,0,718,604,1023,1023,-1
4894,0,0,8059,0,100,0,718,604,1023,1023,-1
4895,0,0,8059,0,100,0,718,604,1023,1023,-1
4896,0,0,8059,0,100,0,718,604,1023,1023,-1
4897,0,0,8059,0,100,0,718,603,1023,1023,-1
4897,0,0,8059,0,100,0,718,603,1023,1023,-1
4898,0,0,8059,0,100,0,718,603,1023,1023,-1
4899,0,0,8059,0,100,0,718,603,1023,1023,-1
4900,0,0,8059,0,100,0,718,603,1023,1023,-1
4900,0,0,8059,0,100,0,718,603,1023,1023,-1
4901,0,0,8073,0,100,0,718,603,1023,1023,-1
4902,0,0,8073,0,100,0,718,603,1023,1023,-1
4903,0,0,8073,0,100,0,718,602,1023,1023,-1
4932,0,0,8073,0,100,0,718,594,1023,1023,-1
4933,0,0,8073,0,100,0,718,592,1023,1023,-1
4933,0,0,8073,0,100,0,718,592,1023,1023,-1
4934,0,0,8073,0,100,0,718,592,1023,1023,-1
4935,0,0,8073,0,100,0,718,593,1023,1023,-1
4936,0,0,8073,0,100,0,718,593,1023,1023,-1
4936,0,0,8073,0,100,0,718,593,1023,1023,-1
4937,0,0,8073,0,100,0,718,593,1023,1023,-1
4938,0,0,8073,0,100,0,718,593,1023,1023,-1
4939,0,0,8073,0,100,0,718,592,1023,1023,-1
4939,0,0,8073,0,100,0,718,592,1023,1023,-1
4940,0,0,8073,0,100,0,718,592,1023,1023,-1
4941,0,0,8073,0,100,0,719,592,1023,1023,-1
4941,0,0,8073,0,100,0,719,592,1023,1023,-1
4942,0,0,8073,0,100,0,719,592,1023,1023,-1
4973,0,0,8059,0,100,0,719,590,1023,1023,-1
4974,0,0,8059,0,100,0,719,590,1023,1023,-1
4975,0,0,8059,0,100,0,719,590,1023,1023,-1
4975,0,0,8059,0,100,0,719,590,1023,1023,-1
4976,0,0,8059,0,100,0,719,590,1023,1023,-1
4977,0,0,8059,0,100,0,718,590,1023,1023,-1
4978,0,0,8059,0,100,0,718,590,1023,1023,-1
4978,0,0,8059,0,100,0,718,590,1023,1023,-1
4979,0,0,8059,0,100,0,718,590,1023,1023,-1
4980,0,0,8059,0,100,0,718,590,1023,1023,-1
4980,0,0,8059,0,100,0,718,591,1023,1023,-1
4981,0,0,8059,0,100,0,719,591,1023,1023,-1
4982,0,0,8059,0,100,0,719,591,1023,1023,-1
4983,0,0,8059,0,100,0,719,591,1023,1023,-1
4983,0,0,8059,0,100,0,719,591,1023,1023,-1
5008,0,0,8059,0,100,0,719,595,1023,1023,-1
5009,0,0,8059,0,100,0,719,595,1023,1023,-1
5010,0,0,8059,0,100,0,719,595,1023,1023,-1
5010,0,0,8059,0,100,0,719,595,1023,1023,-1
5011,0,0,8059,0,100,0,718,596,1023,1023,-1
5012,0,0,8059,0,100,0,718,596,1023,1023,-1
5013,0,0,8059,0,100,0,719,596,1023,1023,-1
5013,0,0,8059,0,100,0,719,596,1023,1023,-1
5014,0,0,8059,0,100,0,719,596,1023,1023,-1
5015,0,0,8059,0,100,0,719,596,1023,1023,-1
5016,0,0,8059,0,100,0,719,596,1023,1023,-1
5016,0,0,8059,0,100,0,719,596,1023,1023,-1
5017,0,0,8059,0,100,0,719,597,1023,1023,-1
5018,0,0,8059,0,100,0,719,597,1023,1023,-1
5018,0,0,8059,0,100,0,719,597,1023,1023,-1
5048,0,0,8045,0,100,0,719,595,1023,1023,-1
5049,0,0,8045,0,100,0,719,595,1023,1023,-1
5050,0,0,8045,0,100,0,719,595,1023,1023,-1
5051,0,0,8045,0,100,0,718,595,1023,1023,-1
5051,0,0,8045,0,100,0,718,595,1023,1023,-1
5052,0,0,8045,0,100,0,718,595,1023,1023,-1
5053,0,0,8045,0,100,0,718,595,1023,1023,-1
5054,0,0,8045,0,100,0,718,595,1023,1023,-1
5054,0,0,8045,0,100,0,718,595,1023,1023,-1
5055,0,0,8045,0,100,0,719,595,1023,1023,-1
5056,0,0,8045,0,100,0,719,595,1023,1023,-1
5056,0,0,8045,0,100,0,719,595,1023,1023,-1
5057,0,0,8045,0,100,0,719,595,1023,1023,-1
5058,0,0,8045,0,100,0,719,595,1023,1023,-1
5059,0,0,8045,0,100,0,719,595,1023,1023,-1
5083,0,0,8073,0,100,0,719,595,1023,1023,-1
5084,0,0,8073,0,100,0,719,595,1023,1023,-1
5085,0,0,8073,0,100,0,718,595,1023,1023,-1
5085,0,0,8073,0,100,0,718,595,1023,1023,-1
5086,0,0,8073,0,100,0,718,595,1023,1023,-1
5087,0,0,8073,0,100,0,719,595,1023,1023,-1
5088,0,0,8073,0,100,0,719,595,1023,1023,-1
5088,0,0,8073,0,100,0,719,595,1023,1023,-1
5089,0,0,8073,0,100,0,719,595,1023,1023,-1
5090,0,0,8073,0,100,0,719,595,1023,1023,-1
5090,0,0,8073,0,100,0,719,595,1023,1023,-1
5091,0,0,8045,0,100,0,719,595,1023,1023,-1
5092,0,0,8045,0,100,0,719,595,1023,1023,-1
5093,0,0,8045,0,100,0,719,596,1023,1023,-1
5122,0,0,8059,0,100,0,718,595,1023,1023,-1
5123,0,0,8059,0,100,0,718,595,1023,1023,-1
5123,0,0,8059,0,100,0,718,595,1023,1023,-1
5124,0,0,8059,0,100,0,718,595,1023,1023,-1
5125,0,0,8059,0,100,0,718,595,1023,1023,-1
5125,0,0,8059,0,100,0,718,595,1023,1023,-1
5126,0,0,8059,0,100,0,718,595,1023,1023,-1
5127,0,0,8059,0,100,0,718,594,1023,1023,-1
5128,0,0,8059,0,100,0,718,594,1023,1023,-1
5128,0,0,8059,0,100,0,718,594,1023,1023,-1
5129,0,0,8059,0,100,0,718,593,1023,1023,-1
5130,0,0,8059,0,100,0,718,593,1023,1023,-1
5131,0,0,8059,0,100,0,718,593,1023,1023,-1
5131,0,0,8059,0,100,0,718,593,1023,1023,-1
5132,0,0,8059,0,100,0,718,593,1023,1023,-1
5163,0,0,8059,0,100,0,718,589,1023,1023,-1
5164,0,0,8059,0,100,0,718,589,1023,1023,-1
5165,0,0,8059,0,100,0,719,589,1023,1023,-1
5166,0,0,8059,0,100,0,719,589,1023,1023,-1
5166,0,0,8059,0,100,0,719,589,1023,1023,-1
5167,0,0,8059,0,100,0,719,589,1023,1023,-1
5168,0,0,8059,0,100,0,719,589,1023,1023,-1
5168,0,0,8059,0,100,0,719,589,1023,1023,-1
5169,0,0,8059,0,100,0,719,589,1023,1023,-1
5170,0,0,8059,0,100,0,719,589,1023,1023,-1
5171,0,0,8059,0,100,0,718,590,1023,1023,-1
5171,0,0,8059,0,100,0,718,590,1023,1023,-1
5172,0,0,8059,0,100,0,718,590,1023,1023,-1
5173,0,0,8059,0,100,0,719,590,1023,1023,-1
